name,role,team,price,expected_points,position_scarcity,risk_factor,ev_score,ev_percentile
Vural,C,Pisa,1,7.165550239234451,0.15180722891566265,0.4169879518072289,16.590477324237085,1.0
Esposito Se.,A,Inter,3,15.414432989690724,0.18529411764705883,0.4774509803921569,9.41110284479399,0.9980544747081712
Zerbin,C,Cremonese,2,7.165550239234451,0.15180722891566265,0.4103614457831325,8.389522217897945,0.9961089494163424
Meister,A,Pisa,1,4.4041237113402065,0.18529411764705883,0.49215686274509807,7.839642895100437,0.9941634241245136
Marcandalli,D,Genoa,2,7.050000000000001,0.15806451612903225,0.443010752688172,7.608125000000001,0.9922178988326849
Simeone,A,Torino,5,17.616494845360826,0.18529411764705883,0.4607843137254902,6.65915612711234,0.9902723735408561
Corvi,P,Parma,1,2.466666666666667,0.13999999999999999,0.3933333333333333,6.235185185185186,0.9571984435797666
Rossi F.,P,Atalanta,1,2.466666666666667,0.13999999999999999,0.3933333333333333,6.235185185185186,0.9571984435797666
Sportiello,P,Atalanta,1,2.466666666666667,0.13999999999999999,0.3933333333333333,6.235185185185186,0.9571984435797666
Pessina Mas.,P,Bologna,1,2.466666666666667,0.13999999999999999,0.3933333333333333,6.235185185185186,0.9571984435797666
Ciocci,P,Cagliari,1,2.466666666666667,0.13999999999999999,0.3933333333333333,6.235185185185186,0.9571984435797666
Perilli,P,Verona,1,2.466666666666667,0.13999999999999999,0.3933333333333333,6.235185185185186,0.9571984435797666
Lezzerini,P,Fiorentina,1,2.466666666666667,0.13999999999999999,0.3933333333333333,6.235185185185186,0.9571984435797666
Nunziante,P,Udinese,1,2.466666666666667,0.13999999999999999,0.3933333333333333,6.235185185185186,0.9571984435797666
Vasquez D.,P,Roma,1,2.466666666666667,0.13999999999999999,0.3933333333333333,6.235185185185186,0.9571984435797666
Popa,P,Torino,1,2.466666666666667,0.13999999999999999,0.3933333333333333,6.235185185185186,0.9571984435797666
Rinaldi,P,Parma,1,2.466666666666667,0.13999999999999999,0.3933333333333333,6.235185185185186,0.9571984435797666
Nicolas,P,Pisa,1,2.466666666666667,0.13999999999999999,0.3933333333333333,6.235185185185186,0.9571984435797666
Contini,P,Napoli,1,2.466666666666667,0.13999999999999999,0.3933333333333333,6.235185185185186,0.9571984435797666
Samooja,P,Lecce,1,2.466666666666667,0.13999999999999999,0.3933333333333333,6.235185185185186,0.9571984435797666
Martinelli T.,P,Fiorentina,1,2.466666666666667,0.13999999999999999,0.3933333333333333,6.235185185185186,0.9571984435797666
Sommariva,P,Genoa,1,2.466666666666667,0.13999999999999999,0.3933333333333333,6.235185185185186,0.9571984435797666
Siegrist,P,Genoa,1,2.466666666666667,0.13999999999999999,0.3933333333333333,6.235185185185186,0.9571984435797666
Di Gennaro,P,Inter,1,2.466666666666667,0.13999999999999999,0.3933333333333333,6.235185185185186,0.9571984435797666
Pinsoglio,P,Juventus,1,2.466666666666667,0.13999999999999999,0.3933333333333333,6.235185185185186,0.9571984435797666
Furlanetto,P,Lazio,1,2.466666666666667,0.13999999999999999,0.3933333333333333,6.235185185185186,0.9571984435797666
Fruchtl,P,Lecce,1,2.466666666666667,0.13999999999999999,0.3933333333333333,6.235185185185186,0.9571984435797666
Paleari,P,Torino,1,2.466666666666667,0.13999999999999999,0.3933333333333333,6.235185185185186,0.9571984435797666
Padelli,P,Udinese,1,2.466666666666667,0.13999999999999999,0.3933333333333333,6.235185185185186,0.9571984435797666
Nava,P,Cremonese,1,2.466666666666667,0.13999999999999999,0.3933333333333333,6.235185185185186,0.9571984435797666
Zelezny,P,Roma,1,2.466666666666667,0.13999999999999999,0.3933333333333333,6.235185185185186,0.9571984435797666
Terracciano,P,Milan,1,2.466666666666667,0.13999999999999999,0.3933333333333333,6.235185185185186,0.9571984435797666
Torriani,P,Milan,1,2.466666666666667,0.13999999999999999,0.3933333333333333,6.235185185185186,0.9571984435797666
Radunovic,P,Cagliari,1,2.466666666666667,0.13999999999999999,0.3933333333333333,6.235185185185186,0.9571984435797666
Russo A.,P,Sassuolo,1,2.466666666666667,0.13999999999999999,0.3933333333333333,6.235185185185186,0.9571984435797666
Satalino,P,Sassuolo,1,2.466666666666667,0.13999999999999999,0.3933333333333333,6.235185185185186,0.9571984435797666
Donnarumma An.,P,Torino,1,2.466666666666667,0.13999999999999999,0.3933333333333333,6.235185185185186,0.9571984435797666
Gollini,P,Roma,1,2.466666666666667,0.13999999999999999,0.3933333333333333,6.235185185185186,0.9571984435797666
Vigorito,P,Como,1,2.466666666666667,0.13999999999999999,0.3933333333333333,6.235185185185186,0.9571984435797666
Maleh,C,Lecce,6,14.331100478468901,0.15180722891566265,0.3916867469879518,5.77015361369932,0.9241245136186771
Santiago,C,Verona,2,4.777033492822967,0.15180722891566265,0.4103614457831325,5.593014811931962,0.9221789883268483
Alli,C,Como,1,2.3885167464114834,0.15180722891566265,0.4169879518072289,5.530159108079028,0.9182879377431906
Basic,C,Lazio,1,2.3885167464114834,0.15180722891566265,0.4169879518072289,5.530159108079028,0.9182879377431906
Arena,C,Pisa,1,2.3885167464114834,0.15180722891566265,0.4169879518072289,5.530159108079028,0.9182879377431906
Jean,D,Lecce,3,7.050000000000001,0.15806451612903225,0.43440860215053767,5.150416666666667,0.914396887159533
Perez M.,D,Lecce,1,2.35,0.15806451612903225,0.4483870967741935,5.023125,0.9114785992217899
Veroli,D,Cagliari,1,2.35,0.15806451612903225,0.4483870967741935,5.023125,0.9114785992217899
Valoti,C,Cremonese,9,16.719617224880384,0.15180722891566265,0.3687951807228915,4.656782277573011,0.9085603112840467
Belahyane,C,Lazio,5,9.554066985645933,0.15180722891566265,0.3953012048192771,4.588694947459995,0.9066147859922179
Marin M.,C,Pisa,8,14.331100478468901,0.15180722891566265,0.37843373493975907,4.421898766053891,0.9046692607003891
Cataldi,C,Lazio,7,11.942583732057416,0.15180722891566265,0.38506024096385544,4.166435226823038,0.9027237354085603
Scuffet,P,Pisa,5,7.4,0.13999999999999999,0.33166666666666667,4.121388888888889,0.9007782101167315
Musah,C,Milan,9,14.331100478468901,0.15180722891566265,0.3687951807228915,3.9915276664911525,0.8978599221789884
Piccinini G.,C,Pisa,9,14.331100478468901,0.15180722891566265,0.3687951807228915,3.9915276664911525,0.8978599221789884
Bianchetti,D,Cremonese,4,7.050000000000001,0.15806451612903225,0.4252688172043011,3.925234375,0.8949416342412452
Skjellerup,A,Sassuolo,1,2.2020618556701033,0.18529411764705883,0.49215686274509807,3.9198214475502184,0.8881322957198443
Buffon L.,A,Pisa,1,2.2020618556701033,0.18529411764705883,0.49215686274509807,3.9198214475502184,0.8881322957198443
Bonazzoli,A,Cremonese,1,2.2020618556701033,0.18529411764705883,0.49215686274509807,3.9198214475502184,0.8881322957198443
Moro L.,A,Sassuolo,1,2.2020618556701033,0.18529411764705883,0.49215686274509807,3.9198214475502184,0.8881322957198443
Njie,A,Torino,1,2.2020618556701033,0.18529411764705883,0.49215686274509807,3.9198214475502184,0.8881322957198443
Gabrielloni,A,Como,1,2.2020618556701033,0.18529411764705883,0.49215686274509807,3.9198214475502184,0.8881322957198443
Turati,P,Sassuolo,13,17.266666666666666,0.13999999999999999,0.30333333333333334,3.8554843304843307,0.8813229571984436
Fabbian,C,Bologna,17,23.885167464114833,0.15180722891566265,0.3163855421686747,3.814366456273221,0.8793774319066148
Man,C,Parma,19,26.273684210526316,0.15180722891566265,0.30855421686746987,3.7971461517051255,0.877431906614786
Ondrejka,C,Parma,23,31.050717703349285,0.15180722891566265,0.29530120481927713,3.7781495287474516,0.8754863813229572
Leris,C,Pisa,3,4.777033492822967,0.15180722891566265,0.4037349397590362,3.7705803438565964,0.8715953307392996
Engelhardt,C,Como,3,4.777033492822967,0.15180722891566265,0.4037349397590362,3.7705803438565964,0.8715953307392996
Estevez,C,Parma,3,4.777033492822967,0.15180722891566265,0.4037349397590362,3.7705803438565964,0.8715953307392996
Gatti,D,Juventus,13,18.8,0.15806451612903225,0.33440860215053764,3.7298717948717943,0.867704280155642
Zalewski,C,Inter,10,14.331100478468901,0.15180722891566265,0.35734939759036144,3.657516265653259,0.8647859922178989
Keita M.,C,Parma,10,14.331100478468901,0.15180722891566265,0.35734939759036144,3.657516265653259,0.8647859922178989
Ilic,C,Torino,12,16.719617224880384,0.15180722891566265,0.3404819277108434,3.649249788237449,0.8608949416342413
Gilmour,C,Napoli,12,16.719617224880384,0.15180722891566265,0.3404819277108434,3.649249788237449,0.8608949416342413
Montipò,P,Verona,10,12.333333333333334,0.13999999999999999,0.31666666666666665,3.5115740740740744,0.857976653696498
Vojvoda,D,Como,10,14.100000000000001,0.15806451612903225,0.35860215053763445,3.5044375,0.8560311284046692
Sava,P,Udinese,8,9.866666666666667,0.13999999999999999,0.32333333333333336,3.4773148148148154,0.8540856031128404
Terracciano F.,D,Milan,3,4.7,0.15806451612903225,0.43440860215053767,3.433611111111111,0.8492217898832685
Rus,D,Pisa,3,4.7,0.15806451612903225,0.43440860215053767,3.433611111111111,0.8492217898832685
Otoa,D,Genoa,3,4.7,0.15806451612903225,0.43440860215053767,3.433611111111111,0.8492217898832685
Ravanelli,D,Cremonese,3,4.7,0.15806451612903225,0.43440860215053767,3.433611111111111,0.8492217898832685
Perin,P,Juventus,2,2.466666666666667,0.13999999999999999,0.33666666666666667,3.4087962962962965,0.8443579766536965
Suzuki,P,Parma,15,17.266666666666666,0.13999999999999999,0.29666666666666663,3.373395061728395,0.8424124513618677
Noslin,A,Lazio,9,15.414432989690724,0.18529411764705883,0.43823529411764706,3.3724589931625752,0.8404669260700389
Ramadani,C,Lecce,11,14.331100478468901,0.15180722891566265,0.3489156626506024,3.3686501516157428,0.8375486381322957
Tourè I.,C,Pisa,11,14.331100478468901,0.15180722891566265,0.3489156626506024,3.3686501516157428,0.8375486381322957
Kostic,C,Juventus,7,9.554066985645933,0.15180722891566265,0.38506024096385544,3.333148181458431,0.8336575875486382
Lipani,C,Sassuolo,7,9.554066985645933,0.15180722891566265,0.38506024096385544,3.333148181458431,0.8336575875486382
Taremi,A,Inter,5,8.808247422680413,0.18529411764705883,0.4607843137254902,3.32957806355617,0.8287937743190662
Okafor,A,Milan,5,8.808247422680413,0.18529411764705883,0.4607843137254902,3.32957806355617,0.8287937743190662
Bayo V.,A,Udinese,5,8.808247422680413,0.18529411764705883,0.4607843137254902,3.32957806355617,0.8287937743190662
Miretti,C,Juventus,9,11.942583732057416,0.15180722891566265,0.3687951807228915,3.3262730554092936,0.8229571984435797
Gineitis,C,Torino,9,11.942583732057416,0.15180722891566265,0.3687951807228915,3.3262730554092936,0.8229571984435797
Ordonez C.,C,Parma,9,11.942583732057416,0.15180722891566265,0.3687951807228915,3.3262730554092936,0.8229571984435797
Pierotti,C,Lecce,20,23.885167464114833,0.15180722891566265,0.3043373493975904,3.299353036789451,0.8190661478599222
Djimsiti,D,Atalanta,15,18.8,0.15806451612903225,0.3236559139784946,3.2847777777777782,0.8171206225680934
Cuadrado,D,Pisa,13,16.45,0.15806451612903225,0.33440860215053764,3.26363782051282,0.8142023346303502
Maripan,D,Torino,13,16.45,0.15806451612903225,0.33440860215053764,3.26363782051282,0.8142023346303502
Ahanor,D,Atalanta,11,14.100000000000001,0.15806451612903225,0.34946236559139787,3.23125,0.8103112840466926
Bertola,D,Udinese,11,14.100000000000001,0.15806451612903225,0.34946236559139787,3.23125,0.8103112840466926
Loftus-Cheek,C,Milan,16,19.108133971291867,0.15180722891566265,0.31939759036144577,3.2279261005929354,0.806420233463035
Gaetano,C,Cagliari,16,19.108133971291867,0.15180722891566265,0.31939759036144577,3.2279261005929354,0.806420233463035
Vogliacco,D,Genoa,5,7.050000000000001,0.15806451612903225,0.41236559139784945,3.2106875000000006,0.7957198443579766
Fortini,D,Fiorentina,5,7.050000000000001,0.15806451612903225,0.41236559139784945,3.2106875000000006,0.7957198443579766
Canestrelli,D,Pisa,5,7.050000000000001,0.15806451612903225,0.41236559139784945,3.2106875000000006,0.7957198443579766
Provstgaard,D,Lazio,5,7.050000000000001,0.15806451612903225,0.41236559139784945,3.2106875000000006,0.7957198443579766
Bartesaghi,D,Milan,5,7.050000000000001,0.15806451612903225,0.41236559139784945,3.2106875000000006,0.7957198443579766
Juan Jesus,D,Napoli,5,7.050000000000001,0.15806451612903225,0.41236559139784945,3.2106875000000006,0.7957198443579766
Schuurs,D,Torino,5,7.050000000000001,0.15806451612903225,0.41236559139784945,3.2106875000000006,0.7957198443579766
Mazzocchi,D,Napoli,5,7.050000000000001,0.15806451612903225,0.41236559139784945,3.2106875000000006,0.7957198443579766
Rugani,D,Juventus,5,7.050000000000001,0.15806451612903225,0.41236559139784945,3.2106875000000006,0.7957198443579766
Coulibaly L.,C,Lecce,14,16.719617224880384,0.15180722891566265,0.328433734939759,3.185069938875026,0.7840466926070039
Luis Henrique,C,Inter,14,16.719617224880384,0.15180722891566265,0.328433734939759,3.185069938875026,0.7840466926070039
Harroui,C,Verona,14,16.719617224880384,0.15180722891566265,0.328433734939759,3.185069938875026,0.7840466926070039
Mateus Lusuardi,D,Pisa,7,9.4,0.15806451612903225,0.3967741935483871,3.138928571428572,0.7791828793774319
Patric,D,Lazio,7,9.4,0.15806451612903225,0.3967741935483871,3.138928571428572,0.7791828793774319
Piotrowski,C,Udinese,12,14.331100478468901,0.15180722891566265,0.3404819277108434,3.127928389917813,0.7752918287937743
Pierret,C,Lecce,12,14.331100478468901,0.15180722891566265,0.3404819277108434,3.127928389917813,0.7752918287937743
Tete Morente,C,Lecce,19,21.49665071770335,0.15180722891566265,0.30855421686746987,3.1067559423041935,0.7723735408560312
Ismajli,D,Torino,16,18.8,0.15806451612903225,0.3182795698924731,3.103958333333334,0.769455252918288
Coco,D,Torino,16,18.8,0.15806451612903225,0.3182795698924731,3.103958333333334,0.769455252918288
Guendouzi,C,Lazio,24,26.273684210526316,0.15180722891566265,0.2874698795180723,3.0977386048854196,0.7665369649805448
Falcone,P,Lecce,14,14.8,0.13999999999999999,0.30000000000000004,3.0833333333333335,0.7645914396887159
Sanabria,A,Torino,10,15.414432989690724,0.18529411764705883,0.4323529411764706,3.0669954299075353,0.7616731517509727
Sanchez,A,Udinese,10,15.414432989690724,0.18529411764705883,0.4323529411764706,3.0669954299075353,0.7616731517509727
Caqueret,C,Como,27,28.662200956937802,0.15180722891566265,0.27602409638554215,3.0521206016345785,0.7587548638132295
Masini,C,Genoa,10,11.942583732057416,0.15180722891566265,0.35734939759036144,3.0479302213777157,0.7568093385214008
Okereke,A,Cremonese,7,11.010309278350515,0.18529411764705883,0.45,3.0322943078815117,0.754863813229572
Raspadori,A,Napoli,20,28.62680412371134,0.18529411764705883,0.3970588235294118,3.024997342969497,0.7529182879377432
Ekkelenkamp,C,Udinese,22,23.885167464114833,0.15180722891566265,0.3007228915662651,3.0149959104332864,0.7509727626459144
Pisilli,C,Roma,15,16.719617224880384,0.15180722891566265,0.3230120481927711,2.996731393512053,0.7490272373540856
Mandragora,C,Fiorentina,33,33.43923444976077,0.15180722891566265,0.26036144578313253,2.97641670707672,0.7470817120622568
Semper,P,Pisa,7,7.4,0.13999999999999999,0.32666666666666666,2.965873015873016,0.745136186770428
Audero,P,Cremonese,12,12.333333333333334,0.13999999999999999,0.30833333333333335,2.961998456790124,0.7431906614785992
De Winter,D,Genoa,17,18.8,0.15806451612903225,0.3118279569892473,2.9490196078431374,0.7402723735408561
Tchatchoua,D,Verona,17,18.8,0.15806451612903225,0.3118279569892473,2.9490196078431374,0.7402723735408561
Richardson,C,Fiorentina,8,9.554066985645933,0.15180722891566265,0.37843373493975907,2.9479325107025938,0.7373540856031129
Cabal,D,Juventus,10,11.75,0.15806451612903225,0.35860215053763445,2.9203645833333334,0.7344357976653697
Unai Nunez,D,Verona,10,11.75,0.15806451612903225,0.35860215053763445,2.9203645833333334,0.7344357976653697
Boloca,C,Sassuolo,13,14.331100478468901,0.15180722891566265,0.3344578313253012,2.913691536365926,0.730544747081712
Felici,C,Cagliari,13,14.331100478468901,0.15180722891566265,0.3344578313253012,2.913691536365926,0.730544747081712
Anjorin,C,Torino,23,23.885167464114833,0.15180722891566265,0.29530120481927713,2.9062688682672695,0.7276264591439688
Messias,C,Genoa,18,19.108133971291867,0.15180722891566265,0.3139759036144578,2.8921242645543837,0.7247081712062257
Baldanzi,C,Roma,18,19.108133971291867,0.15180722891566265,0.3139759036144578,2.8921242645543837,0.7247081712062257
Niasse,C,Verona,6,7.165550239234451,0.15180722891566265,0.3916867469879518,2.88507680684966,0.7208171206225681
Douglas Luiz,C,Juventus,6,7.165550239234451,0.15180722891566265,0.3916867469879518,2.88507680684966,0.7208171206225681
Gila,D,Lazio,20,21.150000000000002,0.15806451612903225,0.29623655913978497,2.8838906250000003,0.7159533073929961
Vasquez,D,Genoa,20,21.150000000000002,0.15806451612903225,0.29623655913978497,2.8838906250000003,0.7159533073929961
De Vrij,D,Inter,20,21.150000000000002,0.15806451612903225,0.29623655913978497,2.8838906250000003,0.7159533073929961
Ndour,C,Fiorentina,4,4.777033492822967,0.15180722891566265,0.3989156626506024,2.8507918774753325,0.7110894941634242
Sabiri,C,Fiorentina,4,4.777033492822967,0.15180722891566265,0.3989156626506024,2.8507918774753325,0.7110894941634242
Caprile,P,Cagliari,18,17.266666666666666,0.13999999999999999,0.29000000000000004,2.837808641975309,0.708171206225681
Frendrup,C,Genoa,21,21.49665071770335,0.15180722891566265,0.3031325301204819,2.832914735730147,0.7062256809338522
McKennie,C,Juventus,24,23.885167464114833,0.15180722891566265,0.2874698795180723,2.81612600444129,0.7042801556420234
Vitik,D,Bologna,18,18.8,0.15806451612903225,0.30483870967741933,2.8134722222222224,0.7003891050583657
Baschirotto,D,Cremonese,18,18.8,0.15806451612903225,0.30483870967741933,2.8134722222222224,0.7003891050583657
Joao Mario,D,Juventus,18,18.8,0.15806451612903225,0.30483870967741933,2.8134722222222224,0.7003891050583657
Caracciolo A.,D,Pisa,8,9.4,0.15806451612903225,0.3827956989247312,2.810208333333333,0.688715953307393
Ebosse,D,Verona,8,9.4,0.15806451612903225,0.3827956989247312,2.810208333333333,0.688715953307393
Gigot,D,Lazio,8,9.4,0.15806451612903225,0.3827956989247312,2.810208333333333,0.688715953307393
Goldaniga,D,Como,8,9.4,0.15806451612903225,0.3827956989247312,2.810208333333333,0.688715953307393
Van Der Brempt,D,Como,8,9.4,0.15806451612903225,0.3827956989247312,2.810208333333333,0.688715953307393
Thiaw,D,Milan,8,9.4,0.15806451612903225,0.3827956989247312,2.810208333333333,0.688715953307393
Casale,D,Bologna,8,9.4,0.15806451612903225,0.3827956989247312,2.810208333333333,0.688715953307393
Bradaric,D,Verona,8,9.4,0.15806451612903225,0.3827956989247312,2.810208333333333,0.688715953307393
Kouassi,D,Lecce,8,9.4,0.15806451612903225,0.3827956989247312,2.810208333333333,0.688715953307393
Mazzitelli,C,Cagliari,11,11.942583732057416,0.15180722891566265,0.3489156626506024,2.8072084596797855,0.6770428015564203
Tameze,C,Torino,11,11.942583732057416,0.15180722891566265,0.3489156626506024,2.8072084596797855,0.6770428015564203
Deiola,C,Cagliari,11,11.942583732057416,0.15180722891566265,0.3489156626506024,2.8072084596797855,0.6770428015564203
Freuler,C,Bologna,27,26.273684210526316,0.15180722891566265,0.27602409638554215,2.79777721816503,0.6731517509727627
Zappa,D,Cagliari,13,14.100000000000001,0.15806451612903225,0.33440860215053764,2.797403846153846,0.6702334630350194
Valle,D,Como,13,14.100000000000001,0.15806451612903225,0.33440860215053764,2.797403846153846,0.6702334630350194
Kaba,C,Lecce,2,2.3885167464114834,0.15180722891566265,0.4103614457831325,2.796507405965981,0.6634241245136187
Iannoni,C,Sassuolo,2,2.3885167464114834,0.15180722891566265,0.4103614457831325,2.796507405965981,0.6634241245136187
Hojholt,C,Pisa,2,2.3885167464114834,0.15180722891566265,0.4103614457831325,2.796507405965981,0.6634241245136187
Marchwinski,C,Lecce,2,2.3885167464114834,0.15180722891566265,0.4103614457831325,2.796507405965981,0.6634241245136187
Bianco,C,Fiorentina,2,2.3885167464114834,0.15180722891566265,0.4103614457831325,2.796507405965981,0.6634241245136187
Casadei,C,Torino,30,28.662200956937802,0.15180722891566265,0.2663855421686747,2.7834791328037363,0.6575875486381323
Stanciu,C,Genoa,19,19.108133971291867,0.15180722891566265,0.30855421686746987,2.761560837603728,0.6527237354085603
Perrone,C,Como,19,19.108133971291867,0.15180722891566265,0.30855421686746987,2.761560837603728,0.6527237354085603
El Shaarawy,C,Roma,19,19.108133971291867,0.15180722891566265,0.30855421686746987,2.761560837603728,0.6527237354085603
Collocolo,C,Cremonese,19,19.108133971291867,0.15180722891566265,0.30855421686746987,2.761560837603728,0.6527237354085603
Martinez Jo.,P,Inter,5,4.933333333333334,0.13999999999999999,0.33166666666666667,2.747592592592593,0.6478599221789884
Konè I.,C,Sassuolo,14,14.331100478468901,0.15180722891566265,0.328433734939759,2.730059947607166,0.6439688715953308
Vecino,C,Lazio,14,14.331100478468901,0.15180722891566265,0.328433734939759,2.730059947607166,0.6439688715953308
Karlstrom,C,Udinese,14,14.331100478468901,0.15180722891566265,0.328433734939759,2.730059947607166,0.6439688715953308
Hysaj,D,Lazio,6,7.050000000000001,0.15806451612903225,0.4026881720430108,2.7196354166666667,0.6381322957198443
Kabasele,D,Udinese,6,7.050000000000001,0.15806451612903225,0.4026881720430108,2.7196354166666667,0.6381322957198443
Rui Modesto,D,Udinese,6,7.050000000000001,0.15806451612903225,0.4026881720430108,2.7196354166666667,0.6381322957198443
Marì,D,Fiorentina,16,16.45,0.15806451612903225,0.3182795698924731,2.715963541666667,0.632295719844358
Leoni,D,Parma,16,16.45,0.15806451612903225,0.3182795698924731,2.715963541666667,0.632295719844358
Ranieri L.,D,Fiorentina,16,16.45,0.15806451612903225,0.3182795698924731,2.715963541666667,0.632295719844358
Pellegrini Lo.,C,Roma,28,26.273684210526316,0.15180722891566265,0.27120481927710843,2.7158153757599743,0.6284046692607004
Sabelli,D,Genoa,11,11.75,0.15806451612903225,0.34946236559139787,2.692708333333333,0.622568093385214
Circati,D,Parma,11,11.75,0.15806451612903225,0.34946236559139787,2.692708333333333,0.622568093385214
Walukiewicz,D,Sassuolo,11,11.75,0.15806451612903225,0.34946236559139787,2.692708333333333,0.622568093385214
Parisi,D,Fiorentina,11,11.75,0.15806451612903225,0.34946236559139787,2.692708333333333,0.622568093385214
Pongracic,D,Fiorentina,11,11.75,0.15806451612903225,0.34946236559139787,2.692708333333333,0.622568093385214
Gaspar K.,D,Lecce,19,18.8,0.15806451612903225,0.2994623655913978,2.6860087719298247,0.6167315175097277
N'Dri,A,Lecce,8,11.010309278350515,0.18529411764705883,0.44411764705882356,2.6816346051652675,0.6138132295719845
Banda,A,Lecce,8,11.010309278350515,0.18529411764705883,0.44411764705882356,2.6816346051652675,0.6138132295719845
Sergi Roberto,C,Como,9,9.554066985645933,0.15180722891566265,0.3687951807228915,2.6610184443274347,0.607976653696498
Aebischer,C,Pisa,9,9.554066985645933,0.15180722891566265,0.3687951807228915,2.6610184443274347,0.607976653696498
Grassi,C,Cremonese,9,9.554066985645933,0.15180722891566265,0.3687951807228915,2.6610184443274347,0.607976653696498
Asllani,C,Inter,9,9.554066985645933,0.15180722891566265,0.3687951807228915,2.6610184443274347,0.607976653696498
Kossounou,D,Atalanta,22,21.150000000000002,0.15806451612903225,0.2881720430107527,2.6517613636363637,0.603112840466926
Carboni V.,C,Genoa,29,26.273684210526316,0.15180722891566265,0.26879518072289155,2.6308363219548623,0.6011673151750972
Beukema,D,Napoli,25,23.5,0.15806451612903225,0.278494623655914,2.6280833333333327,0.5992217898832685
Locatelli,C,Juventus,32,28.662200956937802,0.15180722891566265,0.2633734939759036,2.6202257274329805,0.5972762645914397
Oyegoke,D,Verona,4,4.7,0.15806451612903225,0.4252688172043011,2.6168229166666666,0.5904669260700389
Jack,D,Como,4,4.7,0.15806451612903225,0.4252688172043011,2.6168229166666666,0.5904669260700389
Denoon,D,Pisa,4,4.7,0.15806451612903225,0.4252688172043011,2.6168229166666666,0.5904669260700389
Pieragnolo,D,Sassuolo,4,4.7,0.15806451612903225,0.4252688172043011,2.6168229166666666,0.5904669260700389
Lovik,D,Parma,4,4.7,0.15806451612903225,0.4252688172043011,2.6168229166666666,0.5904669260700389
Di Pardo,D,Cagliari,4,4.7,0.15806451612903225,0.4252688172043011,2.6168229166666666,0.5904669260700389
Lobotka,C,Napoli,23,21.49665071770335,0.15180722891566265,0.29530120481927713,2.6156419814405427,0.5817120622568094
Cristante,C,Roma,23,21.49665071770335,0.15180722891566265,0.29530120481927713,2.6156419814405427,0.5817120622568094
Suslov,C,Verona,23,21.49665071770335,0.15180722891566265,0.29530120481927713,2.6156419814405427,0.5817120622568094
Serdar,C,Verona,12,11.942583732057416,0.15180722891566265,0.3404819277108434,2.6066069915981775,0.5768482490272373
Thorsby,C,Genoa,12,11.942583732057416,0.15180722891566265,0.3404819277108434,2.6066069915981775,0.5768482490272373
Kolasinac,D,Atalanta,17,16.45,0.15806451612903225,0.3118279569892473,2.5803921568627457,0.5719844357976653
Comuzzo,D,Fiorentina,17,16.45,0.15806451612903225,0.3118279569892473,2.5803921568627457,0.5719844357976653
Kelly L.,D,Juventus,17,16.45,0.15806451612903225,0.3118279569892473,2.5803921568627457,0.5719844357976653
Dallinga,A,Bologna,18,22.02061855670103,0.18529411764705883,0.4,2.572855776384313,0.5680933852140078
Luvumbo,A,Cagliari,22,26.42474226804124,0.18529411764705883,0.39019607843137255,2.567352341568518,0.5651750972762646
Camarda,A,Lecce,22,26.42474226804124,0.18529411764705883,0.39019607843137255,2.567352341568518,0.5651750972762646
Milinkovic-Savic V.,P,Napoli,11,9.866666666666667,0.13999999999999999,0.31333333333333335,2.5663299663299664,0.5622568093385214
Okoye,P,Udinese,17,14.8,0.13999999999999999,0.29333333333333333,2.5633986928104577,0.5603112840466926
Viti,D,Fiorentina,9,9.4,0.15806451612903225,0.36774193548387096,2.558888888888889,0.5525291828793775
Valentini N.,D,Verona,9,9.4,0.15806451612903225,0.36774193548387096,2.558888888888889,0.5525291828793775
Folino,D,Cremonese,9,9.4,0.15806451612903225,0.36774193548387096,2.558888888888889,0.5525291828793775
Romagna,D,Sassuolo,9,9.4,0.15806451612903225,0.36774193548387096,2.558888888888889,0.5525291828793775
Pedersen,D,Torino,9,9.4,0.15806451612903225,0.36774193548387096,2.558888888888889,0.5525291828793775
Valenti,D,Parma,9,9.4,0.15806451612903225,0.36774193548387096,2.558888888888889,0.5525291828793775
Salah-Eddine,D,Roma,9,9.4,0.15806451612903225,0.36774193548387096,2.558888888888889,0.5525291828793775
Da Cunha,C,Como,33,28.662200956937802,0.15180722891566265,0.26036144578313253,2.551214320351474,0.5437743190661478
Sohm,C,Fiorentina,33,28.662200956937802,0.15180722891566265,0.26036144578313253,2.551214320351474,0.5437743190661478
Ricci S.,C,Milan,27,23.885167464114833,0.15180722891566265,0.27602409638554215,2.543433834695482,0.5398832684824902
Vazquez,C,Cremonese,27,23.885167464114833,0.15180722891566265,0.27602409638554215,2.543433834695482,0.5398832684824902
N'Dicka,D,Roma,26,23.5,0.15806451612903225,0.27580645161290324,2.536418269230769,0.5359922178988327
Olivera,D,Napoli,26,23.5,0.15806451612903225,0.27580645161290324,2.536418269230769,0.5359922178988327
Sernicola,D,Cremonese,2,2.35,0.15806451612903225,0.443010752688172,2.5360416666666667,0.5272373540856031
Veiga D.,D,Lecce,2,2.35,0.15806451612903225,0.443010752688172,2.5360416666666667,0.5272373540856031
Ilic M.,D,Bologna,2,2.35,0.15806451612903225,0.443010752688172,2.5360416666666667,0.5272373540856031
Mbambi,D,Pisa,2,2.35,0.15806451612903225,0.443010752688172,2.5360416666666667,0.5272373540856031
Ndaba,D,Lecce,2,2.35,0.15806451612903225,0.443010752688172,2.5360416666666667,0.5272373540856031
Tiago Gabriel,D,Lecce,2,2.35,0.15806451612903225,0.443010752688172,2.5360416666666667,0.5272373540856031
Esteves T.,D,Pisa,2,2.35,0.15806451612903225,0.443010752688172,2.5360416666666667,0.5272373540856031
Lovric,C,Udinese,24,21.49665071770335,0.15180722891566265,0.2874698795180723,2.5345134039971606,0.5184824902723736
Sucic P.,C,Inter,24,21.49665071770335,0.15180722891566265,0.2874698795180723,2.5345134039971606,0.5184824902723736
Hernani,C,Parma,18,16.719617224880384,0.15180722891566265,0.3139759036144578,2.530608731485085,0.5155642023346303
Koopmeiners,C,Juventus,40,33.43923444976077,0.15180722891566265,0.24590361445783132,2.503542684462352,0.5136186770428015
Moro N.,C,Bologna,7,7.165550239234451,0.15180722891566265,0.38506024096385544,2.4998611360938234,0.5087548638132295
Akinsanmiro,C,Pisa,7,7.165550239234451,0.15180722891566265,0.38506024096385544,2.4998611360938234,0.5087548638132295
Berisha M.,C,Lecce,7,7.165550239234451,0.15180722891566265,0.38506024096385544,2.4998611360938234,0.5087548638132295
Bondo,C,Milan,7,7.165550239234451,0.15180722891566265,0.38506024096385544,2.4998611360938234,0.5087548638132295
Lykogiannis,D,Bologna,12,11.75,0.15806451612903225,0.3413978494623656,2.4989149305555554,0.5009727626459144
Posch,D,Bologna,12,11.75,0.15806451612903225,0.3413978494623656,2.4989149305555554,0.5009727626459144
Muharemovic,D,Sassuolo,12,11.75,0.15806451612903225,0.3413978494623656,2.4989149305555554,0.5009727626459144
Kristensen T.,D,Udinese,12,11.75,0.15806451612903225,0.3413978494623656,2.4989149305555554,0.5009727626459144
De Roon,C,Atalanta,34,28.662200956937802,0.15180722891566265,0.2567469879518072,2.4882791683556054,0.49513618677042803
Gronbaek,C,Genoa,34,28.662200956937802,0.15180722891566265,0.2567469879518072,2.4882791683556054,0.49513618677042803
Ferguson,C,Bologna,31,26.273684210526316,0.15180722891566265,0.26457831325301207,2.475298169795534,0.49221789883268485
Spinazzola,D,Napoli,18,16.45,0.15806451612903225,0.30483870967741933,2.4617881944444444,0.4883268482490272
Luperto,D,Cagliari,18,16.45,0.15806451612903225,0.30483870967741933,2.4617881944444444,0.4883268482490272
Celik,D,Roma,18,16.45,0.15806451612903225,0.30483870967741933,2.4617881944444444,0.4883268482490272
Delprato,D,Parma,21,18.8,0.15806451612903225,0.2919354838709678,2.456309523809524,0.48249027237354086
Lucumì,D,Bologna,21,18.8,0.15806451612903225,0.2919354838709678,2.456309523809524,0.48249027237354086
Holm,D,Bologna,21,18.8,0.15806451612903225,0.2919354838709678,2.456309523809524,0.48249027237354086
Kalulu,D,Juventus,24,21.150000000000002,0.15806451612903225,0.2817204301075269,2.4528125000000003,0.4766536964980545
Bisseck,D,Inter,24,21.150000000000002,0.15806451612903225,0.2817204301075269,2.4528125000000003,0.4766536964980545
Miranda J.,D,Bologna,24,21.150000000000002,0.15806451612903225,0.2817204301075269,2.4528125000000003,0.4766536964980545
Maldini,C,Atalanta,25,21.49665071770335,0.15180722891566265,0.28204819277108434,2.4516467296994118,0.4727626459143969
Valeri,D,Parma,27,23.5,0.15806451612903225,0.27365591397849465,2.449729938271605,0.4708171206225681
Konè M.,C,Roma,41,33.43923444976077,0.15180722891566265,0.24409638554216867,2.4483341922954724,0.4688715953307393
Payero,C,Udinese,10,9.554066985645933,0.15180722891566265,0.35734939759036144,2.438344177102173,0.46400778210116733
Kastanos,C,Verona,10,9.554066985645933,0.15180722891566265,0.35734939759036144,2.438344177102173,0.46400778210116733
Bernede,C,Verona,10,9.554066985645933,0.15180722891566265,0.35734939759036144,2.438344177102173,0.46400778210116733
Sulemana I.,C,Atalanta,10,9.554066985645933,0.15180722891566265,0.35734939759036144,2.438344177102173,0.46400778210116733
Mancini,D,Roma,30,25.85,0.15806451612903225,0.2725806451612903,2.428822916666667,0.4591439688715953
Volpato,C,Sassuolo,13,11.942583732057416,0.15180722891566265,0.3344578313253012,2.428076280304938,0.4571984435797665
Samardzic,C,Atalanta,35,28.662200956937802,0.15180722891566265,0.25433734939759034,2.42502203311672,0.45525291828793774
Fadera,C,Sassuolo,16,14.331100478468901,0.15180722891566265,0.31939759036144577,2.420944575444702,0.45233463035019456
Atta,C,Udinese,16,14.331100478468901,0.15180722891566265,0.31939759036144577,2.420944575444702,0.45233463035019456
Johnsen,A,Cremonese,13,15.414432989690724,0.18529411764705883,0.4176470588235294,2.420347130815831,0.4474708171206226
Beltran L.,A,Fiorentina,13,15.414432989690724,0.18529411764705883,0.4176470588235294,2.420347130815831,0.4474708171206226
Esposito F.P.,A,Inter,13,15.414432989690724,0.18529411764705883,0.4176470588235294,2.420347130815831,0.4474708171206226
Pobega,C,Bologna,22,19.108133971291867,0.15180722891566265,0.3007228915662651,2.411996728346629,0.44260700389105057
Rovella,C,Lazio,22,19.108133971291867,0.15180722891566265,0.3007228915662651,2.411996728346629,0.44260700389105057
Pierini,A,Sassuolo,9,11.010309278350515,0.18529411764705883,0.43823529411764706,2.4088992808304104,0.4396887159533074
Jashari,C,Milan,39,31.050717703349285,0.15180722891566265,0.24771084337349397,2.3786122112589,0.4377431906614786
Vandeputte,C,Cremonese,36,28.662200956937802,0.15180722891566265,0.2519277108433735,2.365279183168884,0.4357976653696498
Baturina,C,Como,26,21.49665071770335,0.15180722891566265,0.2802409638554217,2.363286554794991,0.433852140077821
Romagnoli,D,Lazio,22,18.8,0.15806451612903225,0.2881720430107527,2.357121212121212,0.43190661478599224
Moreno Alb.,D,Como,7,7.050000000000001,0.15806451612903225,0.3967741935483871,2.3541964285714294,0.42509727626459143
Norton-Cuffy,D,Genoa,7,7.050000000000001,0.15806451612903225,0.3967741935483871,2.3541964285714294,0.42509727626459143
Giannetti L.,D,Udinese,7,7.050000000000001,0.15806451612903225,0.3967741935483871,2.3541964285714294,0.42509727626459143
Balogh,D,Parma,7,7.050000000000001,0.15806451612903225,0.3967741935483871,2.3541964285714294,0.42509727626459143
Azzi,D,Cremonese,7,7.050000000000001,0.15806451612903225,0.3967741935483871,2.3541964285714294,0.42509727626459143
Idrissi R.,D,Cagliari,7,7.050000000000001,0.15806451612903225,0.3967741935483871,2.3541964285714294,0.42509727626459143
Vlasic,C,Torino,46,35.82775119617225,0.15180722891566265,0.23927710843373495,2.3529896094511296,0.4182879377431907
Kamara H.,D,Udinese,19,16.45,0.15806451612903225,0.2994623655913978,2.350257675438596,0.4153696498054475
Lazaro,D,Torino,19,16.45,0.15806451612903225,0.2994623655913978,2.350257675438596,0.4153696498054475
Dele-Bashiru,C,Lazio,33,26.273684210526316,0.15180722891566265,0.26036144578313253,2.3386131269888515,0.41245136186770426
Obert,D,Cagliari,10,9.4,0.15806451612903225,0.35860215053763445,2.336291666666667,0.4075875486381323
Goglichidze,D,Udinese,10,9.4,0.15806451612903225,0.35860215053763445,2.336291666666667,0.4075875486381323
Ndiaye,D,Parma,10,9.4,0.15806451612903225,0.35860215053763445,2.336291666666667,0.4075875486381323
Ghilardi,D,Roma,10,9.4,0.15806451612903225,0.35860215053763445,2.336291666666667,0.4075875486381323
Pezzella Giu.,D,Cremonese,13,11.75,0.15806451612903225,0.33440860215053764,2.331169871794872,0.40175097276264593
Ostigard,D,Genoa,13,11.75,0.15806451612903225,0.33440860215053764,2.331169871794872,0.40175097276264593
Ravaglia F.,P,Bologna,9,7.4,0.13999999999999999,0.31999999999999995,2.3296296296296304,0.39883268482490275
Gabbia,D,Milan,16,14.100000000000001,0.15806451612903225,0.3182795698924731,2.32796875,0.3968871595330739
Brescianini,C,Atalanta,23,19.108133971291867,0.15180722891566265,0.29530120481927713,2.325015094613816,0.3949416342412451
Butez,P,Como,32,24.666666666666668,0.13999999999999999,0.28,2.3125000000000004,0.39299610894941633
Douvikas,A,Como,16,17.616494845360826,0.18529411764705883,0.403921568627451,2.3004357530024446,0.39105058365758755
Pickel,C,Cremonese,5,4.777033492822967,0.15180722891566265,0.3953012048192771,2.2943474737299976,0.38910505836575876
Folorunsho,C,Cagliari,27,21.49665071770335,0.15180722891566265,0.27602409638554215,2.289090451225934,0.3861867704280156
Bernardeschi,C,Bologna,27,21.49665071770335,0.15180722891566265,0.27602409638554215,2.289090451225934,0.3861867704280156
Rrahmani,D,Napoli,32,25.85,0.15806451612903225,0.2698924731182796,2.285436197916667,0.3832684824902724
Acerbi,D,Inter,26,21.150000000000002,0.15806451612903225,0.27580645161290324,2.2827764423076924,0.38132295719844356
Adopo,C,Cagliari,14,11.942583732057416,0.15180722891566265,0.328433734939759,2.2750499563393043,0.37937743190661477
Pavard,D,Inter,23,18.8,0.15806451612903225,0.28548387096774197,2.2631521739130434,0.3754863813229572
Marusic,D,Lazio,23,18.8,0.15806451612903225,0.28548387096774197,2.2631521739130434,0.3754863813229572
Biraghi,D,Torino,23,18.8,0.15806451612903225,0.28548387096774197,2.2631521739130434,0.3754863813229572
Thorstvedt,C,Sassuolo,24,19.108133971291867,0.15180722891566265,0.2874698795180723,2.252900803553032,0.36964980544747084
Helgason,C,Lecce,24,19.108133971291867,0.15180722891566265,0.2874698795180723,2.252900803553032,0.36964980544747084
Fagioli,C,Fiorentina,24,19.108133971291867,0.15180722891566265,0.2874698795180723,2.252900803553032,0.36964980544747084
Saelemaekers,C,Milan,38,28.662200956937802,0.15180722891566265,0.24891566265060242,2.249813154942713,0.3657587548638132
Chukwueze,C,Milan,11,9.554066985645933,0.15180722891566265,0.3489156626506024,2.2457667677438287,0.36284046692607
Ghion,C,Sassuolo,11,9.554066985645933,0.15180722891566265,0.3489156626506024,2.2457667677438287,0.36284046692607
Isaksen,C,Lazio,45,33.43923444976077,0.15180722891566265,0.24048192771084337,2.2413709087856657,0.35992217898832685
Kilicsoy,A,Cagliari,12,13.21237113402062,0.18529411764705883,0.4225490196078432,2.228547135721118,0.35700389105058367
Bravo,A,Udinese,12,13.21237113402062,0.18529411764705883,0.4225490196078432,2.228547135721118,0.35700389105058367
Bernabè,C,Parma,35,26.273684210526316,0.15180722891566265,0.25433734939759034,2.222936863690326,0.3540856031128405
Pasalic,C,Atalanta,28,21.49665071770335,0.15180722891566265,0.27120481927710843,2.2220307619854336,0.3521400778210117
Doig,D,Sassuolo,17,14.100000000000001,0.15806451612903225,0.3118279569892473,2.2117647058823535,0.35019455252918286
Prati,C,Cagliari,8,7.165550239234451,0.15180722891566265,0.37843373493975907,2.2109493830269455,0.3472762645914397
Rafia,C,Lecce,8,7.165550239234451,0.15180722891566265,0.37843373493975907,2.2109493830269455,0.3472762645914397
Israel,P,Torino,30,22.200000000000003,0.13999999999999999,0.2833333333333333,2.2097222222222226,0.3443579766536965
Borrelli,A,Cagliari,10,11.010309278350515,0.18529411764705883,0.4323529411764706,2.1907110213625254,0.3414396887159533
Mulattieri,A,Sassuolo,10,11.010309278350515,0.18529411764705883,0.4323529411764706,2.1907110213625254,0.3414396887159533
Floriani Mussolini,D,Cremonese,14,11.75,0.15806451612903225,0.32795698924731187,2.185639880952381,0.33657587548638135
Angori,D,Pisa,14,11.75,0.15806451612903225,0.32795698924731187,2.185639880952381,0.33657587548638135
Rensch,D,Roma,14,11.75,0.15806451612903225,0.32795698924731187,2.185639880952381,0.33657587548638135
Scalvini,D,Atalanta,24,18.8,0.15806451612903225,0.2817204301075269,2.180277777777778,0.3326848249027237
Malinovskyi,C,Genoa,25,19.108133971291867,0.15180722891566265,0.28204819277108434,2.1792415375105882,0.33073929961089493
Neres,C,Napoli,43,31.050717703349285,0.15180722891566265,0.2416867469879518,2.1746213110590897,0.32879377431906615
Fazzini,C,Fiorentina,36,26.273684210526316,0.15180722891566265,0.2519277108433735,2.1681725845714768,0.32684824902723736
Ceccherini,D,Cremonese,11,9.4,0.15806451612903225,0.34946236559139787,2.154166666666667,0.3229571984435798
Lazzari,D,Lazio,11,9.4,0.15806451612903225,0.34946236559139787,2.154166666666667,0.3229571984435798
Dossena,D,Como,11,9.4,0.15806451612903225,0.34946236559139787,2.154166666666667,0.3229571984435798
El Aynaoui,C,Roma,29,21.49665071770335,0.15180722891566265,0.26879518072289155,2.152502445235797,0.31906614785992216
Pavlovic,D,Milan,21,16.45,0.15806451612903225,0.2919354838709678,2.149270833333333,0.316147859922179
Mina,D,Cagliari,21,16.45,0.15806451612903225,0.2919354838709678,2.149270833333333,0.316147859922179
Modric,C,Milan,40,28.662200956937802,0.15180722891566265,0.24590361445783132,2.145893729539159,0.3132295719844358
Ellertsson,C,Genoa,15,11.942583732057416,0.15180722891566265,0.3230120481927711,2.1405224239371807,0.311284046692607
Kumbulla,D,Roma,5,4.7,0.15806451612903225,0.41236559139784945,2.1404583333333336,0.3044747081712062
Bonfanti,D,Atalanta,5,4.7,0.15806451612903225,0.41236559139784945,2.1404583333333336,0.3044747081712062
Smolcic I.,D,Como,5,4.7,0.15806451612903225,0.41236559139784945,2.1404583333333336,0.3044747081712062
Slotsager,D,Verona,5,4.7,0.15806451612903225,0.41236559139784945,2.1404583333333336,0.3044747081712062
Missori,D,Sassuolo,5,4.7,0.15806451612903225,0.41236559139784945,2.1404583333333336,0.3044747081712062
Hainaut,D,Parma,5,4.7,0.15806451612903225,0.41236559139784945,2.1404583333333336,0.3044747081712062
Carlos Augusto,D,Inter,31,23.5,0.15806451612903225,0.271505376344086,2.139952956989247,0.29766536964980544
Fofana Y.,C,Milan,37,26.273684210526316,0.15180722891566265,0.25012048192771086,2.1146697339495124,0.29571984435797666
Cancellieri,A,Lazio,6,6.60618556701031,0.18529411764705883,0.45294117647058824,2.1112551812094806,0.29377431906614787
Calabresi,D,Pisa,8,7.050000000000001,0.15806451612903225,0.3827956989247312,2.1076562500000002,0.2840466926070039
Masina,D,Torino,8,7.050000000000001,0.15806451612903225,0.3827956989247312,2.1076562500000002,0.2840466926070039
Palestra,D,Atalanta,8,7.050000000000001,0.15806451612903225,0.3827956989247312,2.1076562500000002,0.2840466926070039
Barbieri,D,Cremonese,8,7.050000000000001,0.15806451612903225,0.3827956989247312,2.1076562500000002,0.2840466926070039
Zemura,D,Udinese,8,7.050000000000001,0.15806451612903225,0.3827956989247312,2.1076562500000002,0.2840466926070039
Zanoli,D,Napoli,8,7.050000000000001,0.15806451612903225,0.3827956989247312,2.1076562500000002,0.2840466926070039
Pellegrini Lu.,D,Lazio,8,7.050000000000001,0.15806451612903225,0.3827956989247312,2.1076562500000002,0.2840466926070039
Odenthal,D,Sassuolo,8,7.050000000000001,0.15806451612903225,0.3827956989247312,2.1076562500000002,0.2840466926070039
Hermoso,D,Roma,8,7.050000000000001,0.15806451612903225,0.3827956989247312,2.1076562500000002,0.2840466926070039
Tomori,D,Milan,25,18.8,0.15806451612903225,0.278494623655914,2.1024666666666665,0.27431906614785995
Leali,P,Genoa,28,19.733333333333334,0.13999999999999999,0.2866666666666667,2.094708994708995,0.2723735408560311
Sulemana K.,A,Atalanta,20,19.81855670103093,0.18529411764705883,0.3970588235294118,2.0942289297481134,0.2704280155642023
Mkhitaryan,C,Inter,30,21.49665071770335,0.15180722891566265,0.2663855421686747,2.0876093496028023,0.26848249027237353
Zielinski,C,Inter,12,9.554066985645933,0.15180722891566265,0.3404819277108434,2.085285593278542,0.26653696498054474
Martin,D,Genoa,32,23.5,0.15806451612903225,0.2698924731182796,2.0776692708333333,0.26459143968871596
Nzola,A,Pisa,28,26.42474226804124,0.18529411764705883,0.3735294117647059,2.072338035012071,0.2616731517509728
Davis K.,A,Udinese,28,26.42474226804124,0.18529411764705883,0.3735294117647059,2.072338035012071,0.2616731517509728
Ehizibue,D,Udinese,15,11.75,0.15806451612903225,0.3236559139784946,2.052986111111111,0.25680933852140075
Gallo,D,Lecce,15,11.75,0.15806451612903225,0.3236559139784946,2.052986111111111,0.25680933852140075
Kempf,D,Como,15,11.75,0.15806451612903225,0.3236559139784946,2.052986111111111,0.25680933852140075
Tramoni M.,C,Pisa,42,28.662200956937802,0.15180722891566265,0.24289156626506025,2.0518713922692773,0.2529182879377432
Alvarez A.,A,Sassuolo,4,4.4041237113402065,0.18529411764705883,0.46960784313725495,2.046933786799872,0.2509727626459144
Cambiaghi,A,Bologna,26,24.222680412371137,0.18529411764705883,0.3764705882352941,2.03616504655935,0.2490272373540856
Tourè E.,A,Atalanta,16,15.414432989690724,0.18529411764705883,0.403921568627451,2.012881283877139,0.24610894941634243
Addai,A,Como,16,15.414432989690724,0.18529411764705883,0.403921568627451,2.012881283877139,0.24610894941634243
Zambo Anguissa,C,Napoli,54,35.82775119617225,0.15180722891566265,0.2374698795180723,2.0091603519455448,0.24319066147859922
Djuric,A,Parma,21,19.81855670103093,0.18529411764705883,0.3941176470588236,2.0042330291666035,0.24124513618677043
De Silvestri,D,Bologna,12,9.4,0.15806451612903225,0.3413978494623656,1.9991319444444444,0.23929961089494164
Venturino,C,Genoa,9,7.165550239234451,0.15180722891566265,0.3687951807228915,1.9957638332455763,0.23638132295719844
Castagnetti,C,Cremonese,9,7.165550239234451,0.15180722891566265,0.3687951807228915,1.9957638332455763,0.23638132295719844
Bonfanti N.,A,Pisa,2,2.2020618556701033,0.18529411764705883,0.4843137254901961,1.990179615261983,0.23346303501945526
Estupinan,D,Milan,37,25.85,0.15806451612903225,0.267741935483871,1.9824155405405406,0.23054474708171208
Solet,D,Udinese,37,25.85,0.15806451612903225,0.267741935483871,1.9824155405405406,0.23054474708171208
Buongiorno,D,Napoli,44,30.55,0.15806451612903225,0.2639784946236559,1.9802533143939396,0.22665369649805447
Bremer,D,Juventus,44,30.55,0.15806451612903225,0.2639784946236559,1.9802533143939396,0.22665369649805447
Politano,C,Napoli,55,35.82775119617225,0.15180722891566265,0.23566265060240965,1.9773053813703065,0.2237354085603113
Vitinha O.,A,Genoa,30,26.42474226804124,0.18529411764705883,0.37058823529411766,1.943262833457328,0.22178988326848248
Mosquera,A,Verona,14,13.21237113402062,0.18529411764705883,0.4127450980392157,1.942614214354038,0.2198443579766537
Zarraga,C,Udinese,6,4.777033492822967,0.15180722891566265,0.3916867469879518,1.9233845378997734,0.2178988326848249
Frese,D,Verona,9,7.050000000000001,0.15806451612903225,0.36774193548387096,1.9191666666666671,0.2140077821011673
Savona,D,Juventus,9,7.050000000000001,0.15806451612903225,0.36774193548387096,1.9191666666666671,0.2140077821011673
Marianucci,D,Napoli,9,7.050000000000001,0.15806451612903225,0.36774193548387096,1.9191666666666671,0.2140077821011673
Cutrone,A,Como,25,22.02061855670103,0.18529411764705883,0.37843137254901965,1.9190477202678287,0.21011673151750973
Liberali,C,Milan,3,2.3885167464114834,0.15180722891566265,0.4037349397590362,1.8852901719282982,0.20817120622568094
Ederson D.S.,C,Atalanta,58,35.82775119617225,0.15180722891566265,0.233855421686747,1.8794643611323159,0.20622568093385213
Frattesi,C,Inter,54,33.43923444976077,0.15180722891566265,0.2374698795180723,1.8752163284825083,0.20428015564202334
Ramon,D,Como,13,9.4,0.15806451612903225,0.33440860215053764,1.8649358974358972,0.20233463035019456
Hien,D,Atalanta,40,25.85,0.15806451612903225,0.2661290322580645,1.8377734374999999,0.20038910505836577
Karlsson,A,Bologna,7,6.60618556701031,0.18529411764705883,0.45,1.8193765847289072,0.19844357976653695
Wesley,D,Roma,52,32.9,0.15806451612903225,0.26021505376344084,1.8137179487179487,0.19649805447470817
Thuram K.,C,Juventus,65,38.216267942583734,0.15180722891566265,0.23204819277108435,1.793084224262265,0.19455252918287938
Dominguez B.,A,Bologna,24,19.81855670103093,0.18529411764705883,0.38333333333333336,1.7849186948666171,0.19066147859922178
Aboukhlal,A,Torino,24,19.81855670103093,0.18529411764705883,0.38333333333333336,1.7849186948666171,0.19066147859922178
Ngonge,A,Torino,24,19.81855670103093,0.18529411764705883,0.38333333333333336,1.7849186948666171,0.19066147859922178
Mandas,P,Lazio,12,7.4,0.13999999999999999,0.30833333333333335,1.7771990740740742,0.1867704280155642
Jimenez A.,D,Milan,18,11.75,0.15806451612903225,0.30483870967741933,1.758420138888889,0.18482490272373542
Barella,C,Inter,58,33.43923444976077,0.15180722891566265,0.233855421686747,1.7541667370568284,0.1828793774319066
Darmian,D,Inter,14,9.4,0.15806451612903225,0.32795698924731187,1.7485119047619049,0.18093385214007782
Angelino,D,Roma,59,35.25,0.15806451612903225,0.2564516129032258,1.721424788135593,0.17898832684824903
Palma,D,Udinese,3,2.35,0.15806451612903225,0.43440860215053767,1.7168055555555555,0.17509727626459143
Dembelè A.,D,Torino,3,2.35,0.15806451612903225,0.43440860215053767,1.7168055555555555,0.17509727626459143
Paz Y.,D,Sassuolo,3,2.35,0.15806451612903225,0.43440860215053767,1.7168055555555555,0.17509727626459143
De Luca,A,Cremonese,22,17.616494845360826,0.18529411764705883,0.39019607843137255,1.7115682277123452,0.17120622568093385
De Gea,P,Fiorentina,62,34.53333333333333,0.13999999999999999,0.27,1.6941756272401436,0.16926070038910507
Bellanova,D,Atalanta,52,30.55,0.15806451612903225,0.26021505376344084,1.6841666666666666,0.16731517509727625
Dodò,D,Fiorentina,44,25.85,0.15806451612903225,0.2639784946236559,1.6755989583333337,0.16536964980544747
Ekuban,A,Genoa,5,4.4041237113402065,0.18529411764705883,0.4607843137254902,1.664789031778085,0.16342412451361868
Di Lorenzo,D,Napoli,57,32.9,0.15806451612903225,0.2575268817204301,1.6606323099415206,0.1614785992217899
Provedel,P,Lazio,54,29.6,0.13999999999999999,0.2733333333333333,1.6596707818930043,0.15953307392996108
Zappacosta,D,Atalanta,53,30.55,0.15806451612903225,0.2586021505376344,1.6559925314465411,0.1575875486381323
Tavares N.,D,Lazio,49,28.200000000000003,0.15806451612903225,0.2618279569892473,1.6461989795918368,0.1556420233463035
Gonzalez N.,A,Juventus,36,26.42474226804124,0.18529411764705883,0.3686274509803922,1.6244305097955858,0.15369649805447472
Rodriguez Je.,A,Como,14,11.010309278350515,0.18529411764705883,0.4127450980392157,1.6188451786283646,0.1517509727626459
Cambiaso,D,Juventus,63,35.25,0.15806451612903225,0.2553763440860215,1.6144593253968254,0.14980544747081712
Almqvist,A,Parma,11,8.808247422680413,0.18529411764705883,0.42647058823529416,1.6097546836201315,0.14688715953307394
Lind,A,Pisa,11,8.808247422680413,0.18529411764705883,0.42647058823529416,1.6097546836201315,0.14688715953307394
Rocha Livramento,A,Verona,8,6.60618556701031,0.18529411764705883,0.44411764705882356,1.6089807630991606,0.14299610894941633
Brenner,A,Udinese,8,6.60618556701031,0.18529411764705883,0.44411764705882356,1.6089807630991606,0.14299610894941633
Zortea,D,Cagliari,68,37.6,0.15806451612903225,0.2543010752688172,1.5977696078431374,0.14007782101167315
Sarr A.,A,Verona,24,17.616494845360826,0.18529411764705883,0.38333333333333336,1.586594395436993,0.13813229571984437
Moreo,A,Pisa,15,11.010309278350515,0.18529411764705883,0.40882352941176475,1.5210117972154318,0.13521400778210116
Bonny,A,Inter,15,11.010309278350515,0.18529411764705883,0.40882352941176475,1.5210117972154318,0.13521400778210116
Skorupski,P,Bologna,49,24.666666666666668,0.13999999999999999,0.27666666666666667,1.5171957671957674,0.13229571984435798
Odgaard,C,Bologna,78,38.216267942583734,0.15180722891566265,0.2308433734939759,1.4965811222270553,0.1303501945525292
Maignan,P,Milan,81,39.46666666666667,0.13999999999999999,0.2633333333333333,1.4955647005029724,0.12840466926070038
Carnesecchi,P,Atalanta,71,34.53333333333333,0.13999999999999999,0.26666666666666666,1.4861763171622329,0.1264591439688716
Di Gregorio,P,Juventus,83,39.46666666666667,0.13999999999999999,0.25666666666666665,1.4727353859883983,0.1245136186770428
Laurientè,A,Sassuolo,51,33.03092783505155,0.18529411764705883,0.36274509803921573,1.4466749607697262,0.122568093385214
Conceicao,C,Juventus,91,42.9933014354067,0.15180722891566265,0.22963855421686746,1.4453923412271434,0.12062256809338522
Pafundi,C,Udinese,4,2.3885167464114834,0.15180722891566265,0.3989156626506024,1.4253959387376662,0.11770428015564202
Liteta,C,Cagliari,4,2.3885167464114834,0.15180722891566265,0.3989156626506024,1.4253959387376662,0.11770428015564202
Gosens,D,Fiorentina,86,42.300000000000004,0.15806451612903225,0.2521505376344086,1.4253706395348837,0.11478599221789883
Pedro,A,Lazio,45,28.62680412371134,0.18529411764705883,0.3647058823529412,1.416584121585716,0.11284046692607004
Bastoni,D,Inter,78,37.6,0.15806451612903225,0.2532258064516129,1.3949358974358976,0.11089494163424124
Svilar,P,Roma,82,37.0,0.13999999999999999,0.26,1.391260162601626,0.10894941634241245
Dumfries,D,Inter,100,47.0,0.15806451612903225,0.25,1.3659375,0.10700389105058365
Sommer,P,Inter,90,39.46666666666667,0.13999999999999999,0.25333333333333335,1.3642798353909464,0.10505836575875487
Dimarco,D,Inter,96,44.65,0.15806451612903225,0.2510752688172043,1.349771050347222,0.10311284046692606
Pizarro,A,Udinese,3,2.2020618556701033,0.18529411764705883,0.4774509803921569,1.3444432635419987,0.09727626459143969
Nasti,A,Cremonese,3,2.2020618556701033,0.18529411764705883,0.4774509803921569,1.3444432635419987,0.09727626459143969
Ekhator,A,Genoa,3,2.2020618556701033,0.18529411764705883,0.4774509803921569,1.3444432635419987,0.09727626459143969
Pavoletti,A,Cagliari,3,2.2020618556701033,0.18529411764705883,0.4774509803921569,1.3444432635419987,0.09727626459143969
Giovane,A,Verona,3,2.2020618556701033,0.18529411764705883,0.4774509803921569,1.3444432635419987,0.09727626459143969
Meret,P,Napoli,92,39.46666666666667,0.13999999999999999,0.25,1.3405797101449277,0.0914396887159533
Colombo,A,Genoa,44,26.42474226804124,0.18529411764705883,0.3666666666666667,1.3332070841264168,0.08949416342412451
Rouhi,D,Juventus,4,2.35,0.15806451612903225,0.4252688172043011,1.3084114583333333,0.08657587548638132
Coppola F.,D,Pisa,4,2.35,0.15806451612903225,0.4252688172043011,1.3084114583333333,0.08657587548638132
Kuhn,A,Como,53,30.828865979381447,0.18529411764705883,0.36078431372549025,1.3032756674159827,0.08365758754863813
Zapata D.,A,Torino,80,44.04123711340206,0.18529411764705883,0.3490196078431373,1.256158996705282,0.08171206225680934
Lucca,A,Napoli,60,33.03092783505155,0.18529411764705883,0.3568627450980392,1.2410245509618452,0.07976653696498054
Vlahovic,A,Juventus,99,52.84948453608248,0.18529411764705883,0.3411764705882353,1.2327693987381523,0.07782101167315175
Paz N.,C,Como,119,47.770334928229666,0.15180722891566265,0.22843373493975905,1.2300318639394587,0.07587548638132295
Adams C.,A,Torino,58,30.828865979381447,0.18529411764705883,0.3588235294117647,1.194577458852676,0.07392996108949416
De Bruyne,C,Napoli,147,54.935885167464114,0.15180722891566265,0.2272289156626506,1.1468891952742728,0.07198443579766536
Calhanoglu,C,Inter,152,54.935885167464114,0.15180722891566265,0.22602409638554216,1.1108918607271137,0.07003891050583658
Pinamonti,A,Sassuolo,73,35.23298969072165,0.18529411764705883,0.3509803921568628,1.0979729405101788,0.06809338521400778
Pellegrino M.,A,Parma,61,28.62680412371134,0.18529411764705883,0.35490196078431374,1.0611479417160756,0.06614785992217899
Dzeko,A,Fiorentina,71,33.03092783505155,0.18529411764705883,0.35294117647058826,1.0551479778875186,0.06420233463035019
Benedyczak,A,Parma,4,2.2020618556701033,0.18529411764705883,0.46960784313725495,1.023466893399936,0.0622568093385214
Lang,A,Napoli,94,41.83917525773196,0.18529411764705883,0.34509803921568627,1.021736092423958,0.06031128404669261
Orsolini,C,Bologna,220,71.6555023923445,0.15180722891566265,0.22,1.0089119671336197,0.058365758754863814
Gudmundsson A.,C,Fiorentina,177,57.324401913875604,0.15180722891566265,0.22481927710843375,0.9970134942120824,0.05642023346303502
Pulisic,C,Milan,216,66.87846889952154,0.15180722891566265,0.22120481927710844,0.9576077063762786,0.054474708171206226
McTominay,C,Napoli,201,62.10143540669857,0.15180722891566265,0.2236144578313253,0.952609321242509,0.05252918287937743
Piccoli,A,Cagliari,90,37.435051546391755,0.18529411764705883,0.3470588235294118,0.9519566372621957,0.05058365758754864
Zaccagni,C,Lazio,203,62.10143540669857,0.15180722891566265,0.22240963855421686,0.9446877321395162,0.048638132295719845
Diao,A,Como,95,37.435051546391755,0.18529411764705883,0.3431372549019608,0.9072701948302576,0.04669260700389105
Scamacca,A,Atalanta,107,41.83917525773196,0.18529411764705883,0.3392156862745098,0.9056622064974578,0.04474708171206226
Lookman,A,Atalanta,177,63.859793814433,0.18529411764705883,0.31764705882352945,0.8629199234054665,0.042801556420233464
Azon,A,Como,5,2.2020618556701033,0.18529411764705883,0.4607843137254902,0.8323945158890425,0.03988326848249027
Milik,A,Juventus,5,2.2020618556701033,0.18529411764705883,0.4607843137254902,0.8323945158890425,0.03988326848249027
Soulè,A,Roma,125,44.04123711340206,0.18529411764705883,0.33725490196078434,0.8184708258050802,0.03696498054474708
Berardi,A,Sassuolo,145,46.24329896907217,0.18529411764705883,0.32745098039215687,0.7518166392412255,0.03501945525291829
Krstovic,A,Lecce,138,44.04123711340206,0.18529411764705883,0.33333333333333337,0.7457552975026994,0.033073929961089495
Dovbyk,A,Roma,150,46.24329896907217,0.18529411764705883,0.3235294117647059,0.7309937294080138,0.0311284046692607
Ferguson E.,A,Roma,137,41.83917525773196,0.18529411764705883,0.33529411764705885,0.7115398907553181,0.029182879377431907
Castellanos,A,Lazio,155,46.24329896907217,0.18529411764705883,0.3215686274509804,0.7094637598181563,0.027237354085603113
Dia,A,Lazio,147,44.04123711340206,0.18529411764705883,0.3254901960784314,0.7083332429581463,0.02529182879377432
Castro S.,A,Bologna,140,41.83917525773196,0.18529411764705883,0.33039215686274515,0.7014275086163704,0.02237354085603113
Immobile,A,Bologna,140,41.83917525773196,0.18529411764705883,0.33039215686274515,0.7014275086163704,0.02237354085603113
De Ketelaere,A,Atalanta,170,48.445360824742274,0.18529411764705883,0.31960784313725493,0.6796256400317594,0.019455252918287938
Dybala,A,Roma,252,57.25360824742268,0.18529411764705883,0.31176470588235294,0.5480831422801877,0.017509727626459144
Yildiz,A,Juventus,235,52.84948453608248,0.18529411764705883,0.31568627450980397,0.5394302874341679,0.01556420233463035
Leao,A,Milan,242,52.84948453608248,0.18529411764705883,0.3137254901960784,0.5253278687804626,0.013618677042801557
David,A,Juventus,278,59.455670103092785,0.18529411764705883,0.307843137254902,0.5188719510097098,0.011673151750972763
Gimenez,A,Milan,261,55.05154639175258,0.18529411764705883,0.30980392156862746,0.5102801629971142,0.009727626459143969
Thuram,A,Inter,318,63.859793814433,0.18529411764705883,0.3058823529411765,0.4885855974909612,0.007782101167315175
Lukaku,A,Napoli,341,68.2639175257732,0.18529411764705883,0.303921568627451,0.48842983990183475,0.005836575875486381
Martinez L.,A,Inter,380,74.87010309278351,0.18529411764705883,0.30000000000000004,0.48342605903642083,0.0038910505836575876
Kean,A,Fiorentina,375,72.66804123711341,0.18529411764705883,0.3019607843137255,0.47413191625039863,0.0019455252918287938
