player_name,role,price,base_ownership,optimal_ownership,shading_value,tournament_ev,risk_score,strategy
Di Gregorio,P,83,0.2883520709648644,0.13835207096486443,-0.15,17.14912318576088,4.3401104333276495,Fade
Maignan,P,81,0.30693065614302073,0.15693065614302074,-0.15,17.026919380886017,4.208565564731517,Fade
Svilar,P,82,0.27880873209163326,0.12880873209163327,-0.15,16.26772842393395,3.8806970338821865,Fade
Carnesecchi,P,71,0.2713092246248579,0.12130922462485791,-0.15,15.078328411083476,3.664285159225537,Fade
Provedel,P,54,0.2938563752079206,0.14385637520792058,-0.15,12.801458710197206,3.0958025845726724,Fade
Butez,P,32,0.2796101346409122,0.12961013464091223,-0.15,10.834014234228269,2.569773560197045,Fade
Israel,P,30,0.2444308025489595,0.0944308025489595,-0.15,9.916913077978357,2.3658239464963207,Fade
Leali,P,28,0.24019477405955894,0.09019477405955895,-0.15,8.756008779159407,2.139718488000504,Fade
Caprile,P,18,0.25559220148031436,0.10559220148031437,-0.15,7.644140387824865,1.9663928529484593,Fade
Suzuki,P,15,0.1859349259935994,0.035934925993599404,-0.15,8.52034824579684,2.183859367966757,Fade
Turati,P,13,0.18658579835794237,0.03658579835794237,-0.15,8.506603172057714,2.0981868163661472,Fade
Falcone,P,14,0.21979804078943746,0.06979804078943747,-0.15,6.832139802345886,1.7207597694526786,Fade
Okoye,P,17,0.21128173305663392,0.061281733056633925,-0.15,6.794312312225305,1.664372129771278,Fade
Montipò,P,10,0.19359261106769698,0.04359261106769699,-0.15,6.004113902330531,1.5610011737724767,Fade
Milinkovic-Savic V.,P,11,0.17763088895994122,0.02763088895994123,-0.15,5.106345894962942,1.301673419298667,Fade
Sava,P,8,0.25646946306764656,0.10646946306764657,-0.15,4.3835821685675125,1.0921906658176508,Fade
Ravaglia F.,P,9,0.20322671098540396,0.05322671098540396,-0.15,3.492487925674357,0.8785231634277537,Fade
Mandas,P,12,0.22077584614063772,0.07077584614063773,-0.15,3.365582043352737,0.8421479198766098,Fade
Semper,P,7,0.18866851826424452,0.03866851826424453,-0.15,3.6612998788900075,0.9004765657418234,Fade
Martinez Jo.,P,5,0.20041101102462933,0.05041101102462933,-0.15,2.3253195057650493,0.5721866560000087,Fade
Vigorito,P,1,0.1772350122019348,0.027235012201934805,-0.15,1.269712370009044,0.3290183173581204,Fade
Dimarco,D,96,0.29450798494335906,0.14450798494335906,-0.15,20.270634195443673,5.089524779565976,Fade
Di Lorenzo,D,57,0.31334562251974857,0.16334562251974857,-0.15,14.78789660553902,3.6570049818645924,Fade
Wesley,D,52,0.2742222200348547,0.1242222200348547,-0.15,15.151598515039481,3.651295745048677,Fade
Zappacosta,D,53,0.27400069502207774,0.12400069502207775,-0.15,14.012212251689995,3.559233033282721,Fade
Bremer,D,44,0.2698990751348278,0.11989907513482781,-0.15,14.082588718968239,3.5490160166019913,Fade
Buongiorno,D,44,0.2911298358889165,0.1411298358889165,-0.15,13.907115288861947,3.3952798608901698,Fade
Hien,D,40,0.22728472308912512,0.07728472308912512,-0.15,12.402851829068899,3.118293206884761,Fade
Dodò,D,44,0.26377653541309337,0.11377653541309338,-0.15,11.87549707965433,2.9687145015596395,Fade
Estupinan,D,37,0.24743764703512858,0.09743764703512858,-0.15,12.111508540997347,3.1285146690115915,Fade
Mancini,D,30,0.2469528261214604,0.09695282612146042,-0.15,12.12731696702835,3.0753022240763976,Fade
Solet,D,37,0.23545346960510255,0.08545346960510256,-0.15,12.177706278144589,3.0017394381667035,Fade
Carlos Augusto,D,31,0.265000904533791,0.115000904533791,-0.15,10.865457238138811,2.7675804834645317,Fade
Beukema,D,25,0.26855810420515386,0.11855810420515386,-0.15,10.799249099353007,2.535059148249024,Fade
Olivera,D,26,0.2258059415103705,0.07580594151037051,-0.15,11.310377721561625,2.774861730522852,Fade
Valeri,D,27,0.25382980858682513,0.10382980858682514,-0.15,10.888133564635048,2.810055300048017,Fade
N'Dicka,D,26,0.2718760647880702,0.1218760647880702,-0.15,10.869605755689143,2.670659832789369,Fade
Miranda J.,D,24,0.27162040291596157,0.12162040291596157,-0.15,9.721795405212081,2.3956459393849734,Fade
Vasquez,D,20,0.2314432048938337,0.08144320489383369,-0.15,9.960202481738055,2.4662734093150056,Fade
Acerbi,D,26,0.25603413374276085,0.10603413374276086,-0.15,9.90368289480736,2.427387081505472,Fade
Bisseck,D,24,0.24229826399870952,0.09229826399870952,-0.15,10.041715504609705,2.537221787033053,Fade
Kalulu,D,24,0.2599445456234534,0.10994454562345343,-0.15,9.720681029992859,2.428168484860579,Fade
Gila,D,20,0.21773103772272084,0.06773103772272085,-0.15,10.190387259590443,2.555762803354725,Fade
Djimsiti,D,15,0.24631613230933222,0.09631613230933223,-0.15,8.720642066055275,2.2586306704112733,Fade
Scalvini,D,24,0.2164660883503317,0.06646608835033171,-0.15,9.148421720374024,2.259503223214485,Fade
Lucumì,D,21,0.25169601537702435,0.10169601537702436,-0.15,8.786766842387662,2.1786025546496934,Fade
Vitik,D,18,0.17696258445564977,0.02696258445564978,-0.15,10.056351786136945,2.560002513229467,Fade
Holm,D,21,0.2055845260599288,0.05558452605992881,-0.15,9.146781536552652,2.3064505495962573,Fade
Gatti,D,13,0.2187163172529034,0.06871631725290342,-0.15,8.988270417061967,2.2153624068568627,Fade
Joao Mario,D,18,0.23228323970039583,0.08228323970039583,-0.15,8.811825027281834,2.2327546229661808,Fade
Marusic,D,23,0.20591315749327824,0.05591315749327824,-0.15,9.244144271409244,2.2805044021847656,Fade
Baschirotto,D,18,0.21415736192020177,0.06415736192020177,-0.15,9.026808452446675,2.3354608943535164,Fade
Tomori,D,25,0.2872244194747395,0.13722441947473948,-0.15,8.56483440543371,2.1246196203762806,Fade
Delprato,D,21,0.25573865621393554,0.10573865621393555,-0.15,8.715396073635192,2.1567382140363516,Fade
Coco,D,16,0.17278083834987065,0.022780838349870658,-0.15,10.520453469631788,2.7056723943711125,Fade
Ismajli,D,16,0.23539456209259652,0.08539456209259652,-0.15,8.91920112139851,2.277825536124062,Fade
Biraghi,D,23,0.23871634879181156,0.08871634879181156,-0.15,8.84677218654374,2.1621538415022137,Fade
Tchatchoua,D,17,0.2102030926789933,0.06020309267899329,-0.15,9.137283785795024,2.4088263728756756,Fade
Kolasinac,D,17,0.23972125640716152,0.08972125640716153,-0.15,7.8613161418955295,1.861663453998405,Fade
Luperto,D,18,0.257542888900685,0.107542888900685,-0.15,7.670963964786667,1.8918673029738802,Fade
Mina,D,21,0.2642287261541311,0.11422872615413113,-0.15,7.63281292140743,1.9441515649695802,Fade
Comuzzo,D,17,0.19619444204525632,0.04619444204525633,-0.15,8.348547809135638,1.9982854433253194,Fade
Marì,D,16,0.20725588678897966,0.057255886788979665,-0.15,8.1215438627871,2.0838807631490686,Fade
Ranieri L.,D,16,0.226470161006623,0.07647016100662302,-0.15,7.733011112640097,1.8870621841275994,Fade
Pavlovic,D,21,0.22191509544528645,0.07191509544528646,-0.15,7.868923080998002,1.8837042813935323,Fade
Spinazzola,D,18,0.22104313392589195,0.07104313392589195,-0.15,7.828658342698956,2.0227125780717605,Fade
Leoni,D,16,0.18334220884433525,0.03334220884433525,-0.15,8.616149424436419,2.090599322037674,Fade
Celik,D,18,0.19072670450338633,0.040726704503386335,-0.15,8.390945184426347,2.0106282087476886,Fade
Maripan,D,13,0.22881125854279366,0.07881125854279367,-0.15,7.776020815559749,1.9702375572406572,Fade
Kamara H.,D,19,0.22848485764291257,0.07848485764291258,-0.15,7.763215847988978,1.9682326201280156,Fade
Ahanor,D,11,0.1980802635471279,0.04808026354712791,-0.15,7.066118424252483,1.7239765211063807,Fade
Zappa,D,13,0.17916791273819038,0.029167912738190388,-0.15,7.464587394617629,1.9454163805158884,Fade
Vojvoda,D,10,0.19121821225127392,0.04121821225127392,-0.15,7.255894174950412,1.7559061654995294,Fade
Valle,D,13,0.24466260237032317,0.09466260237032317,-0.15,6.612282198249419,1.6597248517503544,Fade
Gabbia,D,16,0.20954349839659395,0.05954349839659395,-0.15,6.8984789804838735,1.7693232496180542,Fade
Posch,D,12,0.21067858050760074,0.06067858050760075,-0.15,5.7493170162726095,1.4430549980546545,Fade
Lykogiannis,D,12,0.18863291742348917,0.03863291742348918,-0.15,6.11880762873905,1.4660389841155925,Fade
Kempf,D,15,0.1903577364752713,0.0403577364752713,-0.15,6.084762110248366,1.5211116360826071,Fade
Floriani Mussolini,D,14,0.1988549738336995,0.048854973833699494,-0.15,5.8285058470595486,1.5179644292771712,Fade
Pongracic,D,11,0.1733829616444445,0.023382961644444505,-0.15,6.572349122412554,1.6388508304510594,Fade
Parisi,D,11,0.19068649542492225,0.04068649542492225,-0.15,6.100549153799886,1.5167659622708827,Fade
Sabelli,D,11,0.22430993962181534,0.07430993962181534,-0.15,5.582157512606522,1.4080053290405974,Fade
Gallo,D,15,0.17507314890245168,0.025073148902451686,-0.15,6.39762062447618,1.631970486783182,Fade
Jimenez A.,D,18,0.19838814890751766,0.048388148907517664,-0.15,5.866372838712108,1.5265250774505121,Fade
Circati,D,11,0.20743518181063209,0.05743518181063209,-0.15,5.816232650686632,1.4735193651321454,Fade
Angori,D,14,0.20596468382742494,0.05596468382742495,-0.15,5.751012184200273,1.5097579664684597,Fade
Rensch,D,14,0.18020934442462325,0.030209344424623252,-0.15,6.283265497704448,1.621214358506831,Fade
Muharemovic,D,12,0.20141952836974472,0.05141952836974473,-0.15,5.771484347846425,1.4127937173508016,Fade
Walukiewicz,D,11,0.18288544476001106,0.03288544476001107,-0.15,6.09961993409814,1.5388994779556517,Fade
Kristensen T.,D,12,0.2150808550923307,0.06508085509233072,-0.15,5.61487608666037,1.4074546368005647,Fade
Ehizibue,D,15,0.17826636417292674,0.028266364172926745,-0.15,6.224242855529564,1.5791089819269186,Fade
Unai Nunez,D,10,0.1632884151719594,0.013288415171959417,-0.15,7.176961015575699,1.923857226402756,Fade
Ostigard,D,13,0.17950019626625036,0.02950019626625036,-0.15,6.319090168779831,1.561702134133459,Fade
De Silvestri,D,12,0.18200188788182972,0.03200188788182973,-0.15,4.957563442159568,1.233806022853542,Fade
Obert,D,10,0.16804671192883755,0.018046711928837555,-0.15,5.480918347193665,1.3537441356732882,Fade
Dossena,D,11,0.1672232961723921,0.0172232961723921,-0.15,5.501406727001073,1.3697882450554537,Fade
Darmian,D,14,0.17836035338120254,0.028360353381202547,-0.15,5.0072201849879185,1.274484987824636,Fade
Patric,D,7,0.18817159854169224,0.03817159854169225,-0.15,4.884330191362716,1.1886975472170298,Fade
Lazzari,D,11,0.17230722685807343,0.02230722685807343,-0.15,5.272280885798507,1.289886201918354,Fade
Salah-Eddine,D,9,0.22725747842832206,0.07725747842832206,-0.15,4.43143872842266,1.113466943039332,Fade
Pedersen,D,9,0.16240663532377184,0.012406635323771842,-0.15,5.82155116938238,1.5613513521496056,Fade
Ebosse,D,8,0.17635457690856893,0.026354576908568933,-0.15,5.168792684326848,1.3005642899969863,Fade
Ramon,D,13,0.20091820603436666,0.05091820603436667,-0.15,4.653602593984668,1.1765947706039146,Fade
Bradaric,D,8,0.1658008508844097,0.015800850884409717,-0.15,5.538343612397888,1.3940576650641243,Fade
Goglichidze,D,10,0.20229888309152383,0.052298883091523835,-0.15,4.701953530631303,1.1657108938161733,Fade
Moreno Alb.,D,7,0.1809018408173101,0.030901840817310094,-0.15,3.720610628035745,0.9200020944633498,Fade
Orsolini,C,220,0.314901424590337,0.164901424590337,-0.15,31.900238740332693,8.012393624343414,Fade
Pulisic,C,216,0.2943460468684789,0.14434604686847893,-0.15,30.279685049824476,7.512885454355249,Fade
Zaccagni,C,203,0.3161174031309726,0.1661174031309726,-0.15,27.367474331314266,6.755358942941085,Fade
McTominay,C,201,0.3414740282223613,0.1914740282223613,-0.15,27.340956362433815,6.836942395544293,Fade
Gudmundsson A.,C,177,0.2869513023727578,0.1369513023727578,-0.15,25.679559674997186,6.271018481979941,Fade
Conceicao,C,91,0.2738675756508671,0.12386757565086712,-0.15,19.316742260736795,4.999153972001219,Fade
Odgaard,C,78,0.30242137962083193,0.15242137962083194,-0.15,17.072684157996584,4.210137633839769,Fade
Ederson D.S.,C,58,0.26810642064590434,0.11810642064590435,-0.15,16.12925566269461,4.083086073364657,Fade
Vlasic,C,46,0.22626451321738011,0.07626451321738012,-0.15,16.50408293476713,4.101325936912651,Fade
Mandragora,C,33,0.24231812111072262,0.09231812111072263,-0.15,15.394187937273964,3.8657591646155143,Fade
Isaksen,C,45,0.23172727450210995,0.08172727450210995,-0.15,15.625005584425315,3.7912392223805464,Fade
Konè M.,C,41,0.3153550052363213,0.16535500523632132,-0.15,14.961261176232119,3.7906410849115364,Fade
Ondrejka,C,23,0.2322969304779871,0.08229693047798711,-0.15,14.52627769524161,3.5855831426312466,Fade
Jashari,C,39,0.22322140983528307,0.07322140983528308,-0.15,14.499102181818573,3.587055805527972,Fade
De Roon,C,34,0.23833719296303968,0.08833719296303968,-0.15,13.401912974631417,3.411098407175744,Fade
Samardzic,C,35,0.2598035813057538,0.10980358130575382,-0.15,13.035335554688878,3.1360800276821053,Fade
Caqueret,C,27,0.20568103605082488,0.05568103605082489,-0.15,13.942670117322699,3.6219853859803997,Fade
Vandeputte,C,36,0.24026397183255632,0.09026397183255633,-0.15,13.376727626973123,3.2575421287749897,Fade
Saelemaekers,C,38,0.31611051420996694,0.16611051420996695,-0.15,12.87762239336499,3.2177994721672114,Fade
Sohm,C,33,0.2202265034566242,0.0702265034566242,-0.15,13.584437672503785,3.4005908410341084,Fade
Casadei,C,30,0.2108144495370139,0.0608144495370139,-0.15,13.704895580228582,3.415629703186363,Fade
Freuler,C,27,0.23985024519954026,0.08985024519954027,-0.15,12.108525248027256,3.0108114521268066,Fade
Ferguson,C,31,0.1833785709824019,0.033378570982401906,-0.15,13.575583100939362,3.4486774223801904,Fade
Fazzini,C,36,0.2118110450390712,0.0618110450390712,-0.15,12.587809891444726,3.099839787477007,Fade
Carboni V.,C,29,0.24491186117245925,0.09491186117245926,-0.15,12.049401407659632,2.9907931278632294,Fade
Guendouzi,C,24,0.2471539973998623,0.0971539973998623,-0.15,12.150181473973763,3.0811756552026655,Fade
Fofana Y.,C,37,0.24954259972112386,0.09954259972112386,-0.15,11.944504992160699,3.0702766940922617,Fade
Man,C,19,0.164831087276929,0.014831087276929,-0.15,15.677146112764811,3.971075608047753,Fade
Pellegrini Lo.,C,28,0.21560346892888163,0.06560346892888164,-0.15,12.558535305874484,3.112040338646572,Fade
Fabbian,C,17,0.18437360795554375,0.034373607955543756,-0.15,12.25468941660837,3.1006195403677412,Fade
McKennie,C,24,0.230188066759343,0.08018806675934301,-0.15,11.093115684570817,2.6832977294897074,Fade
Ricci S.,C,27,0.23818637450353058,0.08818637450353059,-0.15,11.039451887232465,2.7688778568399153,Fade
Anjorin,C,23,0.20245355568389603,0.052453555683896036,-0.15,11.69687150561349,2.8759406764800355,Fade
Ekkelenkamp,C,22,0.18963209902696582,0.03963209902696582,-0.15,12.112384981713515,2.9724154657787536,Fade
Maldini,C,25,0.24855046760258936,0.09855046760258937,-0.15,9.855837814346268,2.507898150344298,Fade
Bernardeschi,C,27,0.25007695779035344,0.10007695779035344,-0.15,9.86724068842799,2.4462446780427163,Fade
Folorunsho,C,27,0.1969620285201883,0.0469620285201883,-0.15,10.62726811462839,2.7108061533633414,Fade
Baturina,C,26,0.2096995323389214,0.05969953233892142,-0.15,10.259831080511603,2.4579941488532593,Fade
Frendrup,C,21,0.21174513185776958,0.061745131857769586,-0.15,10.26877424313929,2.5264733534044503,Fade
Sucic P.,C,24,0.24282057068114066,0.09282057068114066,-0.15,9.93375000832677,2.521325473570878,Fade
Mkhitaryan,C,30,0.21499224274415937,0.06499224274415938,-0.15,10.050706212643465,2.514323790297419,Fade
Tete Morente,C,19,0.19217119455550716,0.04217119455550716,-0.15,10.673973887257922,2.663290551157662,Fade
Lobotka,C,23,0.1744906736713854,0.02449067367138541,-0.15,11.712724557592976,2.986018023746338,Fade
Cristante,C,23,0.17179452416914612,0.021794524169146123,-0.15,11.733298275541772,3.020643283335526,Fade
El Aynaoui,C,29,0.25193601563568135,0.10193601563568136,-0.15,9.822384727270785,2.4801909571116147,Fade
Lovric,C,24,0.2542414177245946,0.10424141772459458,-0.15,9.797089195738891,2.336300329733044,Fade
Suslov,C,23,0.20552041924415623,0.05552041924415624,-0.15,10.382712422766371,2.6681411380692452,Fade
Pobega,C,22,0.20572859882371816,0.05572859882371817,-0.15,9.192527481827423,2.27921832846495,Fade
Gaetano,C,16,0.1615199013377499,0.01151990133774991,-0.15,11.742180280494805,2.9779171367820956,Fade
Perrone,C,19,0.199847892261638,0.049847892261637994,-0.15,9.388923116903985,2.3331723703386245,Fade
Collocolo,C,19,0.23514712109036462,0.08514712109036462,-0.15,8.971059604212503,2.1755011857197397,Fade
Fagioli,C,24,0.2037444959351352,0.053744495935135195,-0.15,9.460351620126568,2.358884766203889,Fade
Messias,C,18,0.23187906871056474,0.08187906871056475,-0.15,8.856223500043393,2.235366910403858,Fade
Stanciu,C,19,0.21366309922764226,0.06366309922764227,-0.15,9.01576095090343,2.2689462896048287,Fade
Rovella,C,22,0.19749093011943428,0.04749093011943428,-0.15,9.390084407112997,2.2662904991700668,Fade
Helgason,C,24,0.1958490565944577,0.045849056594457704,-0.15,9.493350140381109,2.3897784028948674,Fade
Loftus-Cheek,C,16,0.1836263172719687,0.033626317271968714,-0.15,9.813969242877938,2.473436355429834,Fade
Baldanzi,C,18,0.1783496024010192,0.02834960240101922,-0.15,10.206616782135686,2.4530380678734476,Fade
Thorstvedt,C,24,0.21553265425378612,0.06553265425378613,-0.15,8.883422943715807,2.277877402693078,Fade
Valoti,C,9,0.18123441170369126,0.03123441170369126,-0.15,8.66922355961092,2.1934286760819304,Fade
Hernani,C,18,0.20547411172383329,0.05547411172383329,-0.15,8.003521489567555,1.9683205828695984,Fade
Pisilli,C,15,0.18109747304882667,0.03109747304882668,-0.15,8.718393665987149,2.1941868328409586,Fade
Harroui,C,14,0.18256669769219586,0.03256669769219586,-0.15,8.534631759804212,2.1871384111224925,Fade
Zalewski,C,10,0.16701115694490232,0.017011156944902323,-0.15,8.368333665882368,2.1275312946314755,Fade
Atta,C,16,0.17853718835503857,0.028537188355038573,-0.15,7.541480973108197,1.8612793536056118,Fade
Piotrowski,C,12,0.2071879866748701,0.0571879866748701,-0.15,6.8741133168788675,1.7874154661310142,Fade
Cataldi,C,7,0.1820297934950405,0.03202979349504051,-0.15,6.218228731943178,1.5505070920159782,Fade
Serdar,C,12,0.17585094949569158,0.025850949495691583,-0.15,6.42214588684664,1.6292858083021633,Fade
Asllani,C,9,0.17761125913574513,0.027611259135745136,-0.15,5.089205299327274,1.2876162209475042,Fade
Martinez L.,A,380,0.314901424590337,0.164901424590337,-0.15,36.157324395772505,9.27485263061582,Fade
Kean,A,375,0.2934010905727076,0.14340109057270758,-0.15,35.16898313707884,8.821383249820892,Fade
Thuram,A,318,0.28513226150339793,0.13513226150339794,-0.15,30.864231111174192,7.444544732148822,Fade
Yildiz,A,235,0.2653275331278338,0.11532753312783381,-0.15,25.92003533304508,6.306229820912918,Fade
Castellanos,A,155,0.27833729951953,0.12833729951953002,-0.15,22.457991325204823,5.452805065587551,Fade
Dovbyk,A,150,0.21220943579752094,0.062209435797520946,-0.15,23.85851308620401,6.070801624496961,Fade
Berardi,A,145,0.2149191316912757,0.0649191316912757,-0.15,23.74762450862587,5.708307574529028,Fade
Dia,A,147,0.247837256475712,0.09783725647571201,-0.15,22.16039560125312,5.55476658105915,Fade
Krstovic,A,138,0.228438595801732,0.07843859580173201,-0.15,22.25115007954382,5.538609357576945,Fade
Soulè,A,125,0.2653097729190347,0.11530977291903469,-0.15,21.867327836569544,5.45935315989389,Fade
Zapata D.,A,80,0.21981810126377543,0.06981810126377544,-0.15,22.70803566967892,5.550390401235907,Fade
Scamacca,A,107,0.20763088895994125,0.05763088895994126,-0.15,21.88039271386407,5.424318591307303,Fade
Lang,A,94,0.24761408143475538,0.09761408143475539,-0.15,20.925285496813387,5.313870385445538,Fade
Ferguson E.,A,137,0.21019873088418453,0.06019873088418454,-0.15,21.519790390403124,5.427827199004918,Fade
Pinamonti,A,73,0.20174470248125248,0.051744702481252486,-0.15,18.531520274034172,4.71503219894661,Fade
Dzeko,A,71,0.2441140778052721,0.09411407780527212,-0.15,16.505010942203526,4.018122199665552,Fade
Laurientè,A,51,0.21673938358463304,0.06673938358463305,-0.15,16.934184999724916,4.216475770959463,Fade
Kuhn,A,53,0.2064586055546867,0.05645860555468671,-0.15,16.109599907269597,4.238151866154604,Fade
Adams C.,A,58,0.28154873769213085,0.13154873769213085,-0.15,15.067836913933615,3.7931506588423765,Fade
Pedro,A,45,0.2187127303166855,0.06871273031668551,-0.15,14.699394203254935,3.6095131498626194,Fade
Raspadori,A,20,0.16312161330779357,0.013121613307793573,-0.15,18.687458521011802,4.915300970429004,Fade
Colombo,A,44,0.21901100588935832,0.06901100588935832,-0.15,13.536870958506006,3.432488623892649,Fade
Gonzalez N.,A,36,0.17142892833696863,0.021428928336968633,-0.15,15.655429419207689,4.097347696497423,Fade
Camarda,A,22,0.20100387629175995,0.05100387629175995,-0.15,14.062269917731086,3.5938831484845886,Fade
Davis K.,A,28,0.22975203661554858,0.07975203661554858,-0.15,13.546134833904391,3.2788275229748693,Fade
Nzola,A,28,0.21273908765138538,0.06273908765138539,-0.15,13.539172087546703,3.4677747124106424,Fade
Cambiaghi,A,26,0.19800113976364692,0.04800113976364692,-0.15,12.781603288358374,3.305926021869728,Fade
Dallinga,A,18,0.17331983030879194,0.02331983030879195,-0.15,12.977798973942736,3.239027980385639,Fade
Dominguez B.,A,24,0.17760240549865736,0.027602405498657362,-0.15,11.423577985933115,2.8896114504132067,Fade
Djuric,A,21,0.21504700011990083,0.06504700011990083,-0.15,10.333253296880436,2.645752941925475,Fade
Ngonge,A,24,0.2017301173145048,0.0517301173145048,-0.15,10.503311168366949,2.5723902663335334,Fade
Douvikas,A,16,0.18129114653282424,0.03129114653282425,-0.15,9.940108065660892,2.487527548535805,Fade
De Luca,A,22,0.17031027668554974,0.020310276685549744,-0.15,10.691032225608586,2.796818651946033,Fade
Sarr A.,A,24,0.20536009258679466,0.05536009258679467,-0.15,9.230937127795475,2.283292297171863,Fade
Tourè E.,A,16,0.1961260641062511,0.04612606410625111,-0.15,8.119544076947456,2.0395377290710717,Fade
Addai,A,16,0.19313448200485853,0.04313448200485853,-0.15,8.325403715490047,2.084106259744934,Fade
Esposito F.P.,A,13,0.1841683145979845,0.0341683145979845,-0.15,8.583621632373658,2.260465738070095,Fade
Mosquera,A,14,0.1770718531031985,0.027071853103198512,-0.15,7.632077869449239,1.933933659931969,Fade
Kilicsoy,A,12,0.18603033811202663,0.03603033811202663,-0.15,7.369155496720184,1.8360300370189517,Fade
Rodriguez Je.,A,14,0.1769197124269568,0.026919712426956816,-0.15,6.324616352581711,1.5868810644450317,Fade
N'Dri,A,8,0.16942541071946926,0.019425410719469266,-0.15,6.781515373795196,1.7037198575428185,Fade
Pierini,A,9,0.1746353881057927,0.024635388105792716,-0.15,6.512500456016761,1.648277693098075,Fade
Sulemana K.,A,20,0.15953212472855086,0.01,-0.14953212472855085,13.469157727920667,3.6172961455686794,Fade
Ghilardi,D,10,0.15917370067228356,0.01,-0.14917370067228355,6.051592588273452,1.547987507986045,Fade
Scuffet,P,5,0.1585075544135963,0.01,-0.14850755441359628,4.5663395588216265,1.1939924402451958,Fade
Luvumbo,A,22,0.15847272971655557,0.01,-0.14847272971655556,18.273398796552947,4.604033298788764,Fade
Felici,C,13,0.15803280840815204,0.01,-0.14803280840815203,9.049045359662074,2.2615108664100916,Fade
Mazzitelli,C,11,0.1577989548360249,0.01,-0.1477989548360249,7.505232131335139,1.917685263243506,Fade
Cabal,D,10,0.15757017302168302,0.01,-0.14757017302168302,7.576294516959614,1.9873968395388804,Fade
Ceccherini,D,11,0.1567884569773152,0.01,-0.14678845697731518,6.085476468305167,1.5105555855646307,Fade
Brenner,A,8,0.1563466252638141,0.01,-0.1463466252638141,4.589204986860941,1.1792884656139997,Fade
Adopo,C,14,0.15583974402350936,0.01,-0.14583974402350935,7.600859777902337,1.978944816292893,Fade
Volpato,C,13,0.15513075761940595,0.01,-0.14513075761940594,7.552354101857658,1.9340950703306297,Fade
Karlstrom,C,14,0.15479998286688718,0.01,-0.14479998286688717,9.11355310990398,2.324387068077327,Fade
Pierotti,C,20,0.1543377110017686,0.01,-0.1443377110017686,14.925361947795366,3.776956832909842,Fade
Gigot,D,8,0.15419141817755444,0.01,-0.14419141817755443,6.07592009541936,1.58080364359302,Fade
Cutrone,A,25,0.15417375205368308,0.01,-0.14417375205368307,15.055698170655479,3.8428684584863824,Fade
Sergi Roberto,C,9,0.15398141968952875,0.01,-0.14398141968952874,6.00373324453543,1.516890742591302,Fade
Nicolas,P,1,0.15338033345323415,0.01,-0.14338033345323414,1.51194709396351,0.39563638436003185,Fade
Popa,P,1,0.1525966523415452,0.01,-0.1425966523415452,1.5122998266150098,0.38087567699682795,Fade
Luis Henrique,C,14,0.15162056815058575,0.01,-0.14162056815058574,10.673310580755418,2.6608932388760422,Fade
Vitinha O.,A,30,0.15101381785223417,0.01,-0.14101381785223416,17.988720405639903,4.495698626402505,Fade
Lezzerini,P,1,0.15093302048033744,0.01,-0.14093302048033743,1.5183087481839546,0.3771317877727603,Fade
Provstgaard,D,5,0.14999265580644017,0.01,-0.13999265580644016,4.494708171982653,1.1205175326920074,Fade
Kouassi,D,8,0.14979640419480122,0.01,-0.13979640419480122,6.049818738634425,1.594909644326747,Fade
Padelli,P,1,0.14960507024015263,0.01,-0.13960507024015262,1.5138256515107502,0.3925772807109556,Fade
Konè I.,C,14,0.14935711872106439,0.01,-0.13935711872106438,9.078787621469196,2.3434088908673116,Fade
Moreo,A,15,0.14868012078748577,0.01,-0.13868012078748576,7.525065629649848,2.0134743690266714,Fade
Romagna,D,9,0.1475893861103298,0.01,-0.13758938611032978,6.017075949931248,1.5579467122277841,Fade
Missori,D,5,0.1472263701247797,0.01,-0.1372263701247797,3.066968571354927,0.7413344501151283,Fade
Siegrist,P,1,0.14634301402976235,0.01,-0.13634301402976234,1.5135285756521406,0.3874323833147215,Fade
Bonfanti,D,5,0.146295815979504,0.01,-0.136295815979504,2.970225961651805,0.7548268446026284,Fade
Keita M.,C,10,0.14578346539431233,0.01,-0.13578346539431232,9.176298294770826,2.3502760019389353,Fade
Beltran L.,A,13,0.1456255895087773,0.01,-0.1356255895087773,10.502483665710923,2.716117587488459,Fade
Sulemana I.,C,10,0.1442128861221348,0.01,-0.13421288612213478,6.016077301721553,1.5555399711984623,Fade
Audero,P,12,0.23651075331119156,0.10230022699540209,-0.13421052631578947,5.4594511596272435,1.3238838501776902,Fade
Gosens,D,86,0.31674248410001,0.18253195778422052,-0.13421052631578947,19.087689555393354,4.693636026977005,Fade
Zortea,D,68,0.3405833688105203,0.20637284249473084,-0.13421052631578947,16.85358290632228,4.2792331204178415,Fade
Bastoni,D,78,0.28867432348948274,0.15446379717369327,-0.13421052631578947,17.044837762899792,4.1652203241806545,Fade
Cambiaso,D,63,0.28598664397969664,0.15177611766390717,-0.13421052631578947,16.01741556371158,3.9853371216318183,Fade
Tavares N.,D,49,0.22674137760650265,0.09253085129071317,-0.13421052631578947,13.22455244327374,3.2309298450179793,Fade
Martin,D,32,0.3169533340353885,0.18274280771959903,-0.13421052631578947,10.579244161170193,2.6444953170889454,Fade
De Vrij,D,20,0.30503071112666597,0.1708201848108765,-0.13421052631578947,9.517116862542741,2.4706315322115158,Fade
De Winter,D,17,0.23641658976424576,0.10220606344845629,-0.13421052631578947,8.831148371326586,2.1345265754076292,Fade
Pavard,D,23,0.27242281460416334,0.13821228828837387,-0.13421052631578947,8.62042250234976,2.088840271348316,Fade
Romagnoli,D,22,0.23921957730436433,0.10500905098857485,-0.13421052631578947,8.798554222478378,2.094054385217463,Fade
Gaspar K.,D,19,0.22596578310776555,0.09175525679197608,-0.13421052631578947,8.935948362495038,2.0834088017474675,Fade
Cuadrado,D,13,0.23454147080772844,0.10033094449193897,-0.13421052631578947,7.65822406000215,1.9136224455415989,Fade
Doig,D,17,0.262396298921732,0.12818577260594252,-0.13421052631578947,6.515007089381935,1.668842807158482,Fade
Calhanoglu,C,152,0.2851445659903198,0.1509340396745303,-0.13421052631578947,24.68517889410084,6.198356812466208,Fade
Politano,C,55,0.22332448422653112,0.08911395791074164,-0.13421052631578947,16.626680896948876,4.187030758871798,Fade
Barella,C,58,0.24868133145020824,0.11447080513441876,-0.13421052631578947,15.368681525386757,3.9026428701698763,Fade
Koopmeiners,C,40,0.24278939821629136,0.10857887190050189,-0.13421052631578947,15.35601486570156,3.861656276846226,Fade
Neres,C,43,0.26370863869624733,0.12949811238045786,-0.13421052631578947,13.939679401325517,3.563223447840067,Fade
Gronbaek,C,34,0.24591786220499687,0.1117073358892074,-0.13421052631578947,12.976272279992102,3.2231431653500553,Fade
Locatelli,C,32,0.231647596813841,0.09743707049805153,-0.13421052631578947,13.343767875998546,3.179029707082879,Fade
Tramoni M.,C,42,0.2897365883269511,0.15552606201116162,-0.13421052631578947,12.831992041392464,3.2612878370820866,Fade
Dele-Bashiru,C,33,0.25047237373690395,0.11626184742111448,-0.13421052631578947,11.886727908348478,2.8819987047426645,Fade
Bernabè,C,35,0.2408162867226828,0.10660576040689332,-0.13421052631578947,12.100765665637697,2.903979483872111,Fade
Brescianini,C,23,0.22905177006929087,0.09484124375350139,-0.13421052631578947,8.866640234402183,2.1779300073915233,Fade
Leao,A,242,0.2669798221568026,0.13276929584101313,-0.13421052631578947,26.047257449248704,6.379035810622991,Fade
Piccoli,A,90,0.2243547927740484,0.09014426645825893,-0.13421052631578947,19.011616814115136,4.596825480351057,Fade
Diao,A,95,0.24695512867168817,0.1127446023558987,-0.13421052631578947,18.562420334856082,4.469901268251699,Fade
Lucca,A,60,0.2118828000867496,0.07767227377096012,-0.13421052631578947,16.885444854474986,4.082227726417747,Fade
Skorupski,P,49,0.25174910175528475,0.1175385754394953,-0.13421052631578945,10.829274834414916,2.6999903930343314,Fade
Kossounou,D,22,0.22098094536550295,0.08677041904971348,-0.13421052631578945,10.03125493773187,2.4927070770621986,Fade
Kelly L.,D,17,0.25063732155560625,0.11642679523981679,-0.13421052631578945,7.583075426333154,1.8284131760162057,Fade
Pasalic,C,28,0.2441033007134188,0.10989277439762933,-0.13421052631578945,9.743674439930059,2.5334753750473857,Fade
Fruchtl,P,1,0.143820664066529,0.01,-0.13382066406652898,1.508632716208311,0.3892770844425833,Fade
Marianucci,D,9,0.14378616362952173,0.01,-0.13378616362952173,4.603341858533235,1.1445095944692387,Fade
Gilmour,C,12,0.14307981881294582,0.01,-0.1330798188129458,10.681605162769351,2.807642177106798,Fade
Deiola,C,11,0.1429674755771046,0.01,-0.1329674755771046,7.580080050399463,1.9134162705674205,Fade
Coulibaly L.,C,14,0.14291386661199956,0.01,-0.13291386661199955,10.706222524147865,2.731929246534792,Fade
Juan Jesus,D,5,0.14270890628438682,0.01,-0.1327089062843868,4.576154182510037,1.1768437837713033,Fade
Boloca,C,13,0.14250112224475006,0.01,-0.13250112224475005,9.057735043927373,2.4186561825444883,Fade
Fadera,C,16,0.14234734457395387,0.01,-0.13234734457395386,9.035566597457557,2.286130188058705,Fade
Ilic,C,12,0.14223972400747076,0.01,-0.13223972400747075,10.481073061936,2.651321270925541,Fade
Odenthal,D,8,0.14133028997925962,0.01,-0.1313302899792596,4.496671656486314,1.1593102769771713,Fade
Caracciolo A.,D,8,0.14127447620964179,0.01,-0.13127447620964178,6.02915531983161,1.5884744813220288,Fade
Ndaba,D,2,0.14087926854607566,0.01,-0.13087926854607565,1.5171178445687132,0.38463043395573426,Fade
Thorsby,C,12,0.14077084879676444,0.01,-0.13077084879676443,7.667017149594131,1.9239671086566905,Fade
Folino,D,9,0.1407408553708027,0.01,-0.13074085537080268,6.01691424130534,1.6210255159777425,Fade
Paleari,P,1,0.1400169553318927,0.01,-0.1300169553318927,1.4878214696012642,0.40432757599194946,Fade
Thiaw,D,8,0.13983651500013328,0.01,-0.12983651500013327,6.07505754427013,1.6018242164423193,Fade
Pierret,C,12,0.13883916504458949,0.01,-0.12883916504458948,9.015971440554756,2.371194284608451,Fade
Vecino,C,14,0.13857696140054687,0.01,-0.12857696140054686,9.04473202982717,2.3833402326585538,Fade
Aboukhlal,A,24,0.13853036396656895,0.01,-0.12853036396656894,13.815187865203828,3.3914426925679098,Fade
Sanabria,A,10,0.13830277971969332,0.01,-0.1283027797196933,10.576403492989584,2.722028689679094,Fade
Musah,C,9,0.13825107819145535,0.01,-0.12825107819145534,9.01840290202792,2.3994156902735524,Fade
Moro N.,C,7,0.13806429721076713,0.01,-0.12806429721076712,4.561330867377634,1.1675033347627959,Fade
Tourè I.,C,11,0.1372394944324805,0.01,-0.1272394944324805,9.052669669362874,2.236155249791858,Fade
Rafia,C,8,0.1357504272067861,0.01,-0.1257504272067861,4.540342769776992,1.1755398793213643,Fade
Goldaniga,D,8,0.1350322784718639,0.01,-0.12503227847186388,6.069117585745739,1.565894132997633,Fade
Bernede,C,10,0.13468970062989882,0.01,-0.12468970062989883,5.998957431784284,1.4945469933314377,Fade
Tameze,C,11,0.13419961076426437,0.01,-0.12419961076426438,7.595436159706241,1.867293207118685,Fade
Banda,A,8,0.1341261818907426,0.01,-0.1241261818907426,7.578411174292192,1.9714623172500647,Fade
Mateus Lusuardi,D,7,0.13339292780360715,0.01,-0.12339292780360715,6.077402578535747,1.5641163580570834,Fade
Masina,D,8,0.13318682852112898,0.01,-0.12318682852112899,4.556267073214396,1.1497524183615375,Fade
Sportiello,P,1,0.13293760721703682,0.01,-0.12293760721703682,1.5355301120936793,0.3864368043629502,Fade
Ndiaye,D,10,0.13293343011959868,0.01,-0.12293343011959869,6.1386288458174665,1.5538883352827506,Fade
Idrissi R.,D,7,0.13279388485701887,0.01,-0.12279388485701888,4.498598206729866,1.1785767551090849,Fade
Zemura,D,8,0.1326396539255828,0.01,-0.1226396539255828,4.507540123855704,1.161648368543139,Fade
Lind,A,11,0.13240968604116313,0.01,-0.12240968604116313,6.040574974290168,1.5374985649823985,Fade
Zelezny,P,1,0.1319752153537205,0.01,-0.12197521535372051,1.4986672026729406,0.3946756556207335,Fade
Pezzella Giu.,D,13,0.13163637342218829,0.01,-0.12163637342218829,7.6175746696265385,1.9990059787133823,Fade
Nunziante,P,1,0.1316045696087736,0.01,-0.1216045696087736,1.5125181528579312,0.38657286499125376,Fade
Russo A.,P,1,0.13138918574851052,0.01,-0.12138918574851053,1.512618317515562,0.38194804816479483,Fade
Bonny,A,15,0.13040130932263058,0.01,-0.12040130932263059,7.700320675992195,1.9483560283705064,Fade
Malinovskyi,C,25,0.1302931890459824,0.01,-0.1202931890459824,12.24736255512125,3.0567853314444506,Fade
Borrelli,A,10,0.1299475394898449,0.01,-0.11994753948984489,7.590844837688659,1.9659674011047004,Fade
Johnsen,A,13,0.12972543508763457,0.01,-0.11972543508763457,10.5565651026783,2.6649254538124705,Fade
Okereke,A,7,0.12972162977103688,0.01,-0.11972162977103688,7.573317009590571,1.9727115634565946,Fade
Piccinini G.,C,9,0.1295208735787919,0.01,-0.11952087357879192,9.023384764375635,2.2855852184813674,Fade
El Shaarawy,C,19,0.12937895665835877,0.01,-0.11937895665835878,12.017753387726195,2.9236462814503468,Fade
Viti,D,9,0.1292918969771149,0.01,-0.11929189697711491,6.121069792423977,1.5651155757265713,Fade
Barbieri,D,8,0.12866158396338193,0.01,-0.11866158396338193,4.543979426398222,1.1735900749365478,Fade
Taremi,A,5,0.1285786437587077,0.01,-0.1185786437587077,6.095495378543504,1.5891959409339027,Fade
Meret,P,92,0.34319089569224076,0.2247698430606618,-0.11842105263157895,16.809161475620037,4.14968838955799,Fade
Bellanova,D,52,0.3029703496946757,0.18454929706309672,-0.11842105263157895,13.893991747494965,3.3068961324783377,Fade
Rrahmani,D,32,0.28563709739721305,0.1672160447656341,-0.11842105263157895,11.672746444183089,2.8227025582768417,Fade
Thuram K.,C,65,0.2713384330710478,0.15291738043946887,-0.11842105263157895,17.175167799365532,4.277462184920992,Fade
Da Cunha,C,33,0.26322877187567134,0.1448077192440924,-0.11842105263157895,12.913992398093276,3.1352665534150845,Fade
David,A,278,0.28219157756603436,0.1637705249344554,-0.11842105263157895,28.885628612909876,7.151774792325679,Fade
Vlahovic,A,99,0.27657091895463776,0.1581498663230588,-0.11842105263157895,25.38422101685163,6.173962546794724,Fade
Dumfries,D,100,0.314901424590337,0.19648037195875806,-0.11842105263157893,21.22877129115498,5.200436888902957,Fade
Lazaro,D,19,0.27133236214744727,0.15291130951586834,-0.11842105263157893,7.523558212217524,1.827201918512489,Fade
Zambo Anguissa,C,54,0.28662633802649906,0.16820528539492013,-0.11842105263157893,15.964433989479257,3.8737174131169048,Fade
Frattesi,C,54,0.2857828416646052,0.1673617890330263,-0.11842105263157893,15.088284686685569,3.77117327457381,Fade
Modric,C,40,0.2623962880771391,0.14397523544556018,-0.11842105263157893,12.923403740070254,3.17224204958369,Fade
Vazquez,C,27,0.2601775222082542,0.14175646957667526,-0.11842105263157893,10.958006959144615,2.57427089943337,Fade
Lukaku,A,341,0.314528695358707,0.19610764272712805,-0.11842105263157893,33.115996571410754,8.214539282092389,Fade
Immobile,A,140,0.24984435804422744,0.13142330541264852,-0.11842105263157893,20.586260045258154,5.061360046915599,Fade
Pellegrino M.,A,61,0.25114693559838974,0.13272588296681082,-0.11842105263157893,13.928197091306146,3.333603604383978,Fade
Venturino,C,9,0.12817057676205396,0.01,-0.11817057676205396,4.52358396461645,1.18034628555898,Fade
Di Gennaro,P,1,0.12793257451680934,0.01,-0.11793257451680934,1.520905179590111,0.37721009258910004,Fade
Furlanetto,P,1,0.12757250374274037,0.01,-0.11757250374274038,1.5020346280628163,0.3763916458395693,Fade
Canestrelli,D,5,0.1269493098092333,0.01,-0.1169493098092333,4.563849760139776,1.182824462355723,Fade
Samooja,P,1,0.1268077151023658,0.01,-0.1168077151023658,1.532379750924074,0.38536502568925907,Fade
Masini,C,10,0.12668228517761737,0.01,-0.11668228517761738,7.591760944825755,1.9658556928659412,Fade
Giannetti L.,D,7,0.12558161832792003,0.01,-0.11558161832792004,4.48525987189877,1.1535261735294056,Fade
Noslin,A,9,0.1250855571783668,0.01,-0.11508555717836681,10.61463793261302,2.7582804510168573,Fade
Balogh,D,7,0.12298465587046346,0.01,-0.11298465587046347,4.571265401938242,1.1824899790339796,Fade
Richardson,C,8,0.12227438751280328,0.01,-0.11227438751280329,6.081933824719208,1.526644132865865,Fade
Miretti,C,9,0.12213823159943561,0.01,-0.11213823159943562,7.600956970312618,1.929496410013652,Fade
Nava,P,1,0.12126174992452865,0.01,-0.11126174992452866,1.5166708170414933,0.399259318631272,Fade
Almqvist,A,11,0.12068664223112202,0.01,-0.11068664223112203,6.0534955077969705,1.5753638009521889,Fade
Esposito Se.,A,3,0.11998692254995007,0.01,-0.10998692254995007,10.509703336016505,2.6759872464008243,Fade
Rui Modesto,D,6,0.11954486237100344,0.01,-0.10954486237100344,4.498947102458765,1.1900702463411683,Fade
Valentini N.,D,9,0.11829987392517749,0.01,-0.1082998739251775,6.037615511452535,1.5224126790577868,Fade
Terracciano,P,1,0.11819721819501945,0.01,-0.10819721819501946,1.5152012380336473,0.3934826846877446,Fade
Rugani,D,5,0.11770239657496943,0.01,-0.10770239657496944,4.537429454348026,1.145513898611778,Fade
Alvarez A.,A,4,0.11692284784478771,0.01,-0.10692284784478771,3.055216877144556,0.7668960796972666,Fade
Cancellieri,A,6,0.11610553400809749,0.01,-0.1061055340080975,4.540121345288777,1.1823989669349335,Fade
Frese,D,9,0.11553182305060682,0.01,-0.10553182305060682,4.606676149128576,1.1417116794400404,Fade
Akinsanmiro,C,7,0.11502095121356026,0.01,-0.10502095121356027,4.554269152034355,1.152665834255469,Fade
Kumbulla,D,5,0.11498438544499599,0.01,-0.104984385444996,3.0166296428132577,0.7948486579693336,Fade
Ordonez C.,C,9,0.11456049635777114,0.01,-0.10456049635777115,7.525741980987139,1.9712552399071508,Fade
Ciocci,P,1,0.11291585417286837,0.01,-0.10291585417286837,1.5159289973820536,0.3817026143568524,Fade
Torriani,P,1,0.11263355579898801,0.01,-0.10263355579898802,1.4966997884970556,0.3852796660028277,Fade
Sommer,P,90,0.309901424590337,0.20726984564296858,-0.10263157894736841,16.84270273826744,3.972577346269723,Fade
De Bruyne,C,147,0.3386414447061856,0.23600986575881722,-0.10263157894736841,24.10886341366476,5.804306237631984,Fade
Paz N.,C,119,0.3124808731998885,0.20984929425252008,-0.10263157894736841,21.219545331419578,5.282558972834059,Fade
Dybala,A,252,0.33267050211228055,0.23003892316491215,-0.10263157894736841,27.288848664597012,6.6909556822525635,Fade
Gimenez,A,261,0.30880735560007744,0.20617577665270903,-0.10263157894736841,26.462661780127807,6.590032524701703,Fade
De Ketelaere,A,170,0.26053791131446097,0.15790633236709256,-0.10263157894736841,23.675030991407947,5.821784446147588,Fade
Castro S.,A,140,0.3005871101264701,0.1979555311791017,-0.10263157894736841,20.13310117209,4.888442833713968,Fade
Schuurs,D,5,0.11240416385290956,0.01,-0.10240416385290957,4.50629354496094,1.1622801587490201,Fade
Vasquez D.,P,1,0.11239029539113024,0.01,-0.10239029539113025,1.5333998031604932,0.39475666536421516,Fade
Alli,C,1,0.1118467293102463,0.01,-0.10184672931024631,1.4937174164682991,0.4005399354032521,Fade
Chukwueze,C,11,0.11170295929217668,0.01,-0.10170295929217668,6.066884140377155,1.5254830490434932,Fade
Jean,D,3,0.11136788211248795,0.01,-0.10136788211248796,4.534502848051891,1.1374555387977137,Fade
Sanchez,A,10,0.11068249979942699,0.01,-0.10068249979942699,10.535279268937181,2.720357908895259,Fade
Satalino,P,1,0.11011419825417718,0.01,-0.10011419825417718,1.5093773548806018,0.3722044516220287,Fade
Lovik,D,4,0.10954644516765225,0.01,-0.09954644516765225,3.0548371785403448,0.7743146786847012,Fade
Bravo,A,12,0.10945693853248181,0.01,-0.09945693853248182,9.14227374357473,2.299464674827921,Fade
Savona,D,9,0.10937963856438376,0.01,-0.09937963856438377,4.5449779601829325,1.2308291576217243,Fade
Mazzocchi,D,5,0.10903363941188311,0.01,-0.09903363941188312,4.55389450946915,1.1761328346210789,Fade
Bertola,D,11,0.10863882967300656,0.01,-0.09863882967300656,9.066124907803385,2.316099036600791,Fade
Simeone,A,5,0.1086139086182722,0.01,-0.09861390861827221,12.217165183944376,3.211044579685816,Fade
Terracciano F.,D,3,0.10854818995086729,0.01,-0.0985481899508673,3.057633675949688,0.7473285643710116,Fade
Rinaldi,P,1,0.10784750353787305,0.01,-0.09784750353787305,1.495234793483305,0.39063479024112435,Fade
Okafor,A,5,0.10653298067459613,0.01,-0.09653298067459613,6.00892578706389,1.576033704644392,Fade
Vogliacco,D,5,0.1055515129000948,0.01,-0.09555151290009481,4.4973639702510235,1.1159475786765969,Fade
Perin,P,2,0.10537656295027342,0.01,-0.09537656295027343,1.5005702107706407,0.3961692809056331,Fade
Nasti,A,3,0.10381425167677098,0.01,-0.09381425167677099,1.5263495453321747,0.3879705764985681,Fade
Pessina Mas.,P,1,0.10364750596910252,0.01,-0.09364750596910253,1.5256395163534995,0.3751295389696994,Fade
Radunovic,P,1,0.10361546829978477,0.01,-0.09361546829978477,1.5153879386866453,0.4019771646648983,Fade
Zielinski,C,12,0.10341644036656128,0.01,-0.09341644036656128,6.082778630894474,1.5710086882673135,Fade
Maleh,C,6,0.10236893078278986,0.01,-0.09236893078278986,9.064123813352326,2.2672146727880573,Fade
Pellegrini Lu.,D,8,0.10217444424066557,0.01,-0.09217444424066558,4.57365921762705,1.17562509759921,Fade
Lipani,C,7,0.10175568442490372,0.01,-0.09175568442490373,6.031125906693664,1.5482413228337322,Fade
Donnarumma An.,P,1,0.10135900665748791,0.01,-0.09135900665748792,1.529213948889976,0.37615175590940186,Fade
Hysaj,D,6,0.10109084268587273,0.01,-0.09109084268587274,4.529340793068965,1.2367101337830202,Fade
Karlsson,A,7,0.10100788258056093,0.01,-0.09100788258056093,4.4978628845478195,1.1856147819341127,Fade
Ramadani,C,11,0.10037165998977138,0.01,-0.09037165998977138,8.99271090606385,2.2942640075445944,Fade
Jack,D,4,0.10034176954933749,0.01,-0.0903417695493375,3.008298862575284,0.7717636318470775,Fade
Corvi,P,1,0.10007134041482542,0.01,-0.09007134041482542,1.5248301483076048,0.3812731840741163,Fade
Van Der Brempt,D,8,0.09960877021160587,0.01,-0.08960877021160588,6.028792434392428,1.5376727569658883,Fade
Perez M.,D,1,0.09884795779859047,0.01,-0.08884795779859048,1.5120852952622976,0.3829883274765077,Fade
Berisha M.,C,7,0.09839006309836484,0.01,-0.08839006309836485,4.525881092910351,1.168898334813608,Fade
Azzi,D,7,0.09819924015492759,0.01,-0.0881992401549276,4.570176815823923,1.1770987939543585,Fade
Casale,D,8,0.09816444402915475,0.01,-0.08816444402915476,6.030165659230289,1.5355588428709988,Fade
Otoa,D,3,0.09740286069291873,0.01,-0.08740286069291874,2.9994972583265507,0.7743595094826522,Fade
Rouhi,D,4,0.09739614263237104,0.01,-0.08739614263237104,1.5083750346815286,0.38800866294864256,Fade
Ellertsson,C,15,0.09710553823982396,0.01,-0.08710553823982396,7.583862312599562,2.012700706724545,Fade
De Gea,P,62,0.32320971779855506,0.23636761253539718,-0.08684210526315789,14.77936363716839,3.680199942231229,Fade
Angelino,D,59,0.3395806855404906,0.2527385802773327,-0.08684210526315789,15.712355325694341,3.808178475429214,Fade
Perilli,P,1,0.09649014096998752,0.01,-0.08649014096998753,1.5046863130533252,0.39412411419990534,Fade
Rocha Livramento,A,8,0.09646169737335922,0.01,-0.08646169737335922,4.59597763579234,1.174544042254467,Fade
Valenti,D,9,0.09579707859479222,0.01,-0.08579707859479223,6.0548077571079375,1.541775588113421,Fade
Hojholt,C,2,0.09560124086419802,0.01,-0.08560124086419803,1.497761139795437,0.3938405638306256,Fade
Belahyane,C,5,0.09500761324178587,0.01,-0.08500761324178588,6.081501275253282,1.5075340409901392,Fade
Di Pardo,D,4,0.09486014891767622,0.01,-0.08486014891767622,3.047172695917352,0.7630302361510398,Fade
Castagnetti,C,9,0.09410321475479358,0.01,-0.08410321475479358,4.511177770624762,1.1844688955046598,Fade
Pickel,C,5,0.09351969275163946,0.01,-0.08351969275163947,3.0535908071939204,0.77342049262752,Fade
Kastanos,C,10,0.09289920068382929,0.01,-0.08289920068382929,6.067945851748791,1.5554785516091625,Fade
Coppola F.,D,4,0.09135066559424052,0.01,-0.08135066559424052,1.5040573557002908,0.393248076176009,Fade
Kabasele,D,6,0.09035194652468828,0.01,-0.08035194652468829,4.521911922938601,1.111784613375343,Fade
Martinelli T.,P,1,0.08993533879798966,0.01,-0.07993533879798967,1.4906672497028794,0.37171585113396166,Fade
Iannoni,C,2,0.08974465737130556,0.01,-0.07974465737130557,1.5247217727846434,0.3951388979395716,Fade
Liberali,C,3,0.08942579112432175,0.01,-0.07942579112432176,1.5035357782268275,0.39141465781497203,Fade
Payero,C,10,0.08861281629906023,0.01,-0.07861281629906024,6.032575189509325,1.5186547567094952,Fade
Calabresi,D,8,0.08856352168441023,0.01,-0.07856352168441023,4.538167574987241,1.1843341044414777,Fade
Fortini,D,5,0.08839035403242801,0.01,-0.07839035403242801,4.532920632770592,1.1651603419203824,Fade
Zarraga,C,6,0.08753990007145662,0.01,-0.07753990007145663,3.0266736478081273,0.7948937058744476,Fade
Palma,D,3,0.08714582127437567,0.01,-0.07714582127437568,1.509319685897144,0.378406561342454,Fade
Rossi F.,P,1,0.08713685934399759,0.01,-0.0771368593439976,1.5142747247467778,0.38103806936239504,Fade
Rus,D,3,0.08617375038874012,0.01,-0.07617375038874012,3.017455594249496,0.752370713120738,Fade
Hermoso,D,8,0.0860583446182244,0.01,-0.0760583446182244,4.501658866356091,1.1582891099178898,Fade
Gineitis,C,9,0.08527098417261886,0.01,-0.07527098417261886,7.590618054468554,1.918664234043772,Fade
Sommariva,P,1,0.085041357167536,0.01,-0.075041357167536,1.5111418309619196,0.397206538605587,Fade
Pavoletti,A,3,0.08461743525057484,0.01,-0.07461743525057485,1.5133371645954645,0.38367715813291353,Fade
Aebischer,C,9,0.08461596671760362,0.01,-0.07461596671760362,6.037378107199942,1.4947730535901753,Fade
Ndour,C,4,0.08406014260663414,0.01,-0.07406014260663414,2.994083863625874,0.7950824774372882,Fade
Palestra,D,8,0.08361651112698426,0.01,-0.07361651112698427,4.460219197987915,1.1656692944266964,Fade
Norton-Cuffy,D,7,0.0833190606312276,0.01,-0.0733190606312276,4.474434067107137,1.1607002162793205,Fade
Kostic,C,7,0.08270986329263974,0.01,-0.07270986329263975,6.09816938239398,1.5335653844704404,Fade
Sabiri,C,4,0.08266538792001485,0.01,-0.07266538792001485,2.994374959093545,0.8216650009085609,Fade
Estevez,C,3,0.08192959086322252,0.01,-0.07192959086322252,2.991252647891971,0.7844841683605334,Fade
Pinsoglio,P,1,0.08182108519971376,0.01,-0.07182108519971377,1.5137211544922409,0.3851552885297389,Fade
Pafundi,C,4,0.08181113865146845,0.01,-0.07181113865146846,1.5285203542319494,0.4086373801109958,Fade
Kaba,C,2,0.08053998175299079,0.01,-0.0705399817529908,1.5218627826304687,0.3887405895536434,Fade
Ghion,C,11,0.08028732598367867,0.01,-0.07028732598367868,6.0598791146982425,1.5281711097715798,Fade
Paz Y.,D,3,0.08019997890890847,0.01,-0.07019997890890847,1.5186429796045606,0.3942911840441068,Fade
Marin M.,C,8,0.07967743195535504,0.01,-0.06967743195535504,9.041771016085184,2.3295572877941173,Fade
Gabrielloni,A,1,0.0791235131894791,0.01,-0.06912351318947911,1.4991726990737855,0.3915494375821691,Fade
Bonfanti N.,A,2,0.07849145144919219,0.01,-0.06849145144919219,1.5176289265277045,0.40394767707398976,Fade
Zerbin,C,2,0.07812937720175227,0.01,-0.06812937720175227,4.51465336596463,1.1525000751032317,Fade
Zanoli,D,8,0.07744754597391587,0.01,-0.06744754597391588,4.548141244555611,1.1397783356814588,Fade
Milik,A,5,0.07742503756285127,0.01,-0.06742503756285127,1.4999055231417928,0.3868053896767451,Fade
Contini,P,1,0.07731100695564386,0.01,-0.06731100695564386,1.4898692406449712,0.3951619992011991,Fade
Vural,C,1,0.07541696575516356,0.01,-0.06541696575516356,4.538733398303574,1.146120647134323,Fade
Santiago,C,2,0.0753584392592014,0.01,-0.0653584392592014,3.0599883600818085,0.7820093127341509,Fade
Bianco,C,2,0.07505836112132953,0.01,-0.06505836112132954,1.5127146014703503,0.3861243974103529,Fade
Pieragnolo,D,4,0.07328351781023648,0.01,-0.06328351781023649,3.009190150846991,0.7592254158949977,Fade
Prati,C,8,0.07303854580822614,0.01,-0.06303854580822614,4.554749360951275,1.1193767796252658,Fade
Ekuban,A,5,0.0718236232857534,0.01,-0.061823623285753394,3.0446629997735575,0.8160764100369793,Fade
Moro L.,A,1,0.0715571483614751,0.01,-0.0615571483614751,1.5236736167375027,0.40118110268947205,Fade
Azon,A,5,0.07136209584777314,0.01,-0.06136209584777314,1.513615653691301,0.3871817025937771,Fade
Grassi,C,9,0.06984205847767735,0.01,-0.05984205847767735,5.949963532437436,1.5366602031113987,Fade
Benedyczak,A,4,0.06887401030799606,0.01,-0.05887401030799606,1.50481069748955,0.38388056043527946,Fade
Gollini,P,1,0.06877546200578466,0.01,-0.05877546200578466,1.5223402116487599,0.3977217828440143,Fade
Slotsager,D,5,0.06771049571443662,0.01,-0.057710495714436615,3.014642808299769,0.7848558214957114,Fade
Sernicola,D,2,0.06757491752828768,0.01,-0.057574917528287674,1.5262438692370919,0.3920700978591387,Fade
Bonazzoli,A,1,0.06663781667651963,0.01,-0.05663781667651963,1.5173451186261235,0.37983034354246287,Fade
Bartesaghi,D,5,0.06656869416289532,0.01,-0.05656869416289532,4.524137307520237,1.1882837023841775,Fade
Hainaut,D,5,0.06570211109461,0.01,-0.05570211109460999,3.038437688102544,0.757403582879221,Fade
Veroli,D,1,0.06547649472837029,0.01,-0.05547649472837029,1.537203329186375,0.3854924092291845,Fade
Bianchetti,D,4,0.06410111454715461,0.01,-0.05410111454715461,4.551860894427025,1.139872353047863,Fade
Skjellerup,A,1,0.06387889389535226,0.01,-0.053878893895352255,1.511218776219549,0.3867381803037442,Fade
Giovane,A,3,0.062135542277823544,0.01,-0.05213554227782354,1.519277286990256,0.3893067473270794,Fade
Tiago Gabriel,D,2,0.05966425030472431,0.01,-0.04966425030472431,1.490964159588406,0.3836318517206005,Neutral
Dembelè A.,D,3,0.059021922891837386,0.01,-0.049021922891837384,1.524763364907009,0.3837505590073709,Neutral
Meister,A,1,0.057496308300307046,0.01,-0.047496308300307044,2.986149929307403,0.8068672382774282,Neutral
Ilic M.,D,2,0.05696114226596398,0.01,-0.04696114226596398,1.5262188433176422,0.38616176611811004,Neutral
Njie,A,1,0.056687876194824016,0.01,-0.046687876194824014,1.4974445565749264,0.3935378049936165,Neutral
Denoon,D,4,0.056170852741359446,0.01,-0.046170852741359444,3.013842677375301,0.7730101789833307,Neutral
Smolcic I.,D,5,0.05458347572908184,0.01,-0.04458347572908184,3.009829337403096,0.805178095091924,Neutral
Oyegoke,D,4,0.0539597284015569,0.01,-0.043959728401556895,3.008592945399066,0.7611764366941333,Neutral
Ekhator,A,3,0.05369330914446374,0.01,-0.04369330914446374,1.4944679146967006,0.38895418695973943,Neutral
Mulattieri,A,10,0.05351549001456257,0.01,-0.04351549001456257,7.585264837915742,1.864090241297075,Neutral
Veiga D.,D,2,0.05133448855124842,0.01,-0.04133448855124842,1.5112239808242849,0.3812067625285424,Neutral
Leris,C,3,0.05113540293095853,0.01,-0.04113540293095853,3.0171816796920834,0.7636395433306767,Neutral
Douglas Luiz,C,6,0.04967045604915001,0.01,-0.03967045604915001,4.581767441257169,1.184020579556063,Neutral
Niasse,C,6,0.04948786421582621,0.01,-0.03948786421582621,4.51556801119524,1.1491141430712695,Neutral
Liteta,C,4,0.047997168302582466,0.01,-0.037997168302582464,1.5140155111833065,0.3790148606283604,Neutral
Ravanelli,D,3,0.044549872473825525,0.01,-0.03454987247382552,3.0168162466318247,0.7924037871645927,Neutral
Bayo V.,A,5,0.044294501189424206,0.01,-0.034294501189424204,6.04844820568505,1.4980324603151178,Neutral
Bondo,C,7,0.043341768023404136,0.01,-0.033341768023404134,4.5341276998773825,1.1725870828455227,Neutral
Marcandalli,D,2,0.03399084975618806,0.01,-0.023990849756188058,4.521096019305289,1.1766867532422582,Neutral
Mbambi,D,2,0.033559466855898626,0.01,-0.023559466855898624,1.5408804945020185,0.39503084412344747,Neutral
Pizarro,A,3,0.032293779699271885,0.01,-0.022293779699271883,1.5110610868474628,0.3925318931478928,Neutral
Engelhardt,C,3,0.031922446185784964,0.01,-0.021922446185784962,3.032695731116188,0.796335437607893,Neutral
Marchwinski,C,2,0.03160292338715627,0.01,-0.02160292338715627,1.5070021416607537,0.3839561191364523,Neutral
Arena,C,1,0.031253024425352306,0.01,-0.021253024425352304,1.5013108572540967,0.39495130877585205,Neutral
Esteves T.,D,2,0.027147418606553737,0.01,-0.017147418606553735,1.533225220908912,0.38493316148354906,Neutral
Basic,C,1,0.020134389059824162,0.01,-0.010134389059824162,1.516460978338121,0.37984151388928733,Neutral
Buffon L.,A,1,0.019820041752114874,0.01,-0.009820041752114874,1.5121894805282738,0.391324487578946,Neutral
Lookman,A,177,0.3290242290255741,0.33691896586767933,0.007894736842105232,30.386419559838604,7.424054866421226,Neutral
